russian,zilo,gender,abs.pl,obl.sg,obl.pl,loc,GA,pst,imp,pos,transducer_entry,transducer_lexicon_group
насекомое,ширшил,"б, й",ширшилол,ширшилулӏи,ширшилалӏи,,,,,N,,
"есть, является, имеется (глагол-связка)",джи,,,,,,,,,,,
бадаться,гъуммери,,,,,,,гъумми,гъуммо,V,"гъуммери<V>:гъумм[thematic-i,transitive]",Verb
праздник борозды (букв. семя забирать),шен рухир,,,,,,,,,,,
"отсутствует, не имеется (отрицательный глагол-связка)",ссу,,,,,,,,,,,
как дела?,ахӏвал хӏал?,,,,,,,,,,,
закончиться,булӏери,,,,,,рулӏери,рулӏи,,V,,Verb_class_prefix
закончить,булӏери,,,,,,рулӏери,рулӏи,,V,,Verb_class_prefix
"возглас удивление, сожаления, неожиданности",тамаша,,,,,,,,,EXCL,,
возглас сожаления,вуй,,,,,,,,,EXCL,,
возглас радости,вай,,,,,,,,,EXCL,,
"возглас сожаления, если болит",вай,,,,,,,,,EXCL,,
пусть будет во благо! (пожелание),алхІамдулиллагь,,,,,,,,,,,
здоровья! (пожелание),сагъилъир,,,,,,,,,,,
оп (восклицание),гьоп,,,,,,,,,EXCL,,
"возглас сожаления, если что-то не получилось",вахІ,,,,,,,,,EXCL,,
приветствие,асаламгӏалайкум,,,,,,,,,,,
ответ на приветствие,вагӏалайкум салам,,,,,,,,,,,
с приездом,вушодо,,,,,,"йишодо, бишодо, вашолдо, йашолдо",,,,,
как твои дела?,(дуб) ибгъи хӏал?,,,,,,,,,,,
хорошо (ответ на вопрос “как дела?”),шуб хӏал,,,,,,,,,,,
спасибо,алхӏамдулиля,,,,,,,,,,,
как здоровье?,сагъилъир икьи?,,,,,,,,,,,
какие новости?,батӏа цӏиᵸву ибгъи?,,,,,,,,,,,
как семья?,хъизан икьи?,,,,,,,,,,,
как семья?,хъизанулӏи ибгъи хӏал?,,,,,,,,,,,
ты кто?,мен ибгъи?,,,,,,,,,,,
прости (букв. сверху слезай),гьиъакку вулӏи,,,,,,"гьиъакку йулӏи, вуъомул, йуъомул",,,,,
счастливого пути,микъи битӏилъи,,,,,,,,,,,
остовайтесь (в ответ на пожелание счастливого пути),вокӏобул,,,,,,йокӏобул,,,,,
спокойной ночи,релъо шурлъидо,,,,,,,,,,,
передай привет Аминат,Аминатиъо салам босо,,,,,,,,,,,
спасибо за все,баркалла джиб данхъи,,,,,,,,,,,
счастья вам,роххор,,,,,,,,,,,
удачи тебе,дуй шуб гъибъасси,,,,,,,,,,,
эй (окрик),гьей,,,,,,,,,EXCL,,
белый,гьацӏа,,,,,,,,,ADJ,гьацӏа,Adjective_no_class
борода,мигажу,"р, р",мигажобил,мигажулӏи,мигажобалӏи,мигажулӏи,,,,N,,
брат,воцци,"в, в",воццул,воццув,воццулув,воццуъа,,,,N,,
бровь,энсиб,"б, б",энсибол,энсибулӏи,энсибалӏи,энсибуъа,,,,N,,
вилка,цӏумур,"б, б",цӏумурдул,цӏумурулӏи,цӏумурдалӏи,цӏумуруъа,,,,N,,
вода,лъен,р,,лъенлӏи,,лъенъа,,,,N,,
волк,боцӏо,"б, й",боцӏол,боцӏулӏи,боцӏалӏи,боцӏуъа,,,,N,,
вчера,суни,,,,,,,,,ADV,суни,Adverb_no_class
высокий,беххула,,,,,,"вехула, йехулол",,,ADJ,беххула:еххула,Adjective_class_prefix
глаз,гьаркӏу,"б, б",гьаркӏобил,гьаркӏулолӏи,гьаркӏобалӏи,гьаркӏулоъа,,,,N,,
год,решин,"р, р",решимол,решинлӏи,решималӏол,решинъа,,,,N,,
грудь,абур,"б, б",абурдул,абурдолӏи,абурдалӏи,абурдуъа,,,,N,,
дерево,реша,"р, р",решобил,решулӏи,решобалӏи,решуъа,,,,N,,
дочь,йоши,"й, й",йошибол,йошулӏи,йошибалӏи,йошуъа,,,,N,,
железо,ккуб,б,,ккубиллӏи,,ккубилъа,,,,N,,
желтый,чакку,,,,,,,,,ADJ,чакку,Adjective_no_class
зеленый,хвечи,,,,,,,,,ADJ,хвечи,Adjective_no_class
зеркало,матӏу,"р, р",матӏодул,матӏулӏи,матӏудолӏи,матӏудоъа,,,,N,,
змея,берка,"б, й",беркол,беркулӏи,беркалӏи,беркаъа,,,,N,,
зола,кье,"б, б",кьелил,кьелӏи,кьелилилӏи,кьелӏи,,,,N,,
золото,мисиди,б,,мисидулӏи,,,,,,N,,
камень,гьинцӏо,"б, б",гьинцӏобил,гьинцӏоллӏи,гьинцӏобалӏи,гьинцӏолъа,,,,N,,
кобыла,ича,"б, й",ичил,ичулӏи,ичилӏи,ичуъа,,,,N,,
коса,ничо,"б, б",ничодул,ничолӏи,"ничобалӏи, ничолӏи",ничоъа,,,,N,,
курица,уᵸъецу,"б, й",уᵸъецобил,уᵸъецулӏи,уᵸъецобалӏи,уᵸъецуъа,,,,N,,
курица,уᵸйецу,"б, й",уᵸйецобил,уᵸйецулӏи,уᵸйецобалӏи,уᵸйецуъа,,,,N,,
курица,уᵸвецу,"б, й",уᵸвецобил,уᵸвецулӏи,уᵸвецобалӏи,уᵸвецуъа,,,,N,,
лягушка,къурру,"б, й",къуррол,къурролӏи,къурралӏи,къурроъа,,,,N,,
мать,баба,"й, й",бабалал,бабалӏи,бабалӏол,бабаъа,,,,N,,
мать,ила,"й, й",илобил,илулӏи,илубалӏи,,,,,N,,
мука,эншур,р,,эншурлӏи,,эншуръа,,,,N,,
мясо,рикьи,"р, р",рикьил,рикьилӏи,рикьилилӏи,рикьиъа,,,,N,,
небо,решин,"р, р",решимол,решинолӏи,решималӏи,решиноъа,,,,N,,
новый,цӏиᵸву,,,,,,,,,ADJ,цӏиᵸву,Adjective_no_class
нож,бесун,"б, б",бесумол,бесунолӏи,бесумалӏи,бесуноъа,,,,N,,
окно,ингур,"б, б",ингурдол,ингурулӏи,ингурдалӏи,ингоруъа,,,,N,,
отец,дада,"в, в",дадалал,дадав,дадалав,дадаъа,,,,N,дада<obl>:дада,
отец,има,"в, в",имадул,имув,имадав,имуъа,,,,N,има<obl>:иму,
очень,золо,,,,,,,,,ADV,золо,Adverb_no_class
палец,цӏцӏекӏа,"б, б",цӏцӏекӏобил,цӏцӏекӏулӏи,цӏцӏекӏобалӏи,цӏцӏекӏуъа,,,,N,,
пила,хъухъадир,"б, б",хъухъадирол,хъухъадирулӏи,хъухъадиролӏол,,,,,N,,
птица,щекиб,"б, й",щекибол,щекиболӏи,щекиболилӏол,,,,,N,,
пчела,пера,"б, й",пердул,перулӏи,пердалӏол,,,,,N,,
пшеница,къири,б,,къирилӏи,,,,,,N,,
река,лъенсо,"р, р",лъенсодул,лъенсолӏи,лъенсодалӏи,,,,,N,,
река,инхи,"б, б",инхадул,инхилӏи,инхадалӏи,инхиъа,,,,N,,
рыба,хвами,"б, й",хвамил,хвамиллӏи,хвамилилӏи,,,,,N,,
свинец,тӏуши,"б, б",тӏушил,тӏушиллӏи,тӏушилилӏи,,,,,N,,
сегодня,желъал,,,,,,,,,ADV,желъал,Adverb_no_class
сегодня,жегьал,,,,,,,,,ADV,жегьал,Adverb_no_class
серп,ничо,"б, б",ничодул,ничолӏи,ничодалӏи,,,,,N,,
сестра,йоцци,"й, й",йоцибол,йоццулӏи,йоццибалӏи,,,,,N,,
слепой,ботӏи,,,,,,,,,ADJ,ботӏи,Adjective_no_class
снег,анзи,"р, р",анзил,анзилӏи,анзилилӏи,анзиъа,,,,N,,
собака,хвей,"б, й",хведул,хвейолӏи,хведалӏи,,,,,N,,
солнце,милъи,"б, б",милъил,милъирлӏи,милъилилӏи,,,,,N,,
стена,къен,"б, б",къенадул,къеннолӏи,къеннадалӏи,къенноъа,,,,N,,
толстый,биши,,,,,,"вуши, биши, йиши, вушол, йишол",,,ADJ,биши:ши,Adjective_class_prefix_i_u
топор,анжиди,"р, р",анжидобил,анжидулӏи,анжидобалӏи,,,,,N,,
узкий,чӏчӏитӏир,,,,,,,,,ADJ,чӏчӏитӏир,Adjective_no_class
хлеб,гъан,"б, б",гъанол,гъанлӏи,,,,,,N,,
черный,бечӏедир,,,,,,"вечӏедир, йечӏедирол",,,ADJ,бечӏедир:ечӏедир,Adjective_class_prefix
шея,гару,"б, б",гардобил,гардолӏи,гардобалӏи,,,,,N,,
широкий,аб,,,,,,,,,ADJ,аб[b],Adjective_no_class
яйцо,кӏоркӏон,"р, р",кӏоркӏомил,кӏоркӏонулӏи,кӏоркӏомалӏи,,,,,N,,
баран,гьайман,"б, й",гьайманол,гьайманулӏи,гьайманалӏи,,,,,N,,
баран,кун,"б, й",куммил,кунолӏи,куммалӏи,,,,,N,,
баран,анлъи,"б, й",анлъол,анлъолӏи,анлъалӏи,,,,,N,,
браслет,кверкъин,"р, р",кверкъимол,кверкъинулӏи,кверкъималӏи,,,,,N,,
бревно,кьерчӏо,"р, р",кьерчӏобил,кьерчӏолӏи,кьерчӏобалӏи,,,,,N,,
бурдюк,кьетон,"б, б",кьетомил,кьетонлӏи,кьетомалӏи,,,,,N,,
бурка,буртина,"б, б",буртимобил,буртинулӏи,буртималӏи,,,,,N,,
веретено,мига,"б, б",мигобил,мигулӏи,мигобалӏи,,,,,N,,
весна,рибу,"б, б",рибодул,риблӏи,рибодалӏи,,,,,N,,
ветер,мочи,"б, б",мочил,мочилӏи,мочилилӏи,,,,,N,,
внизу,гьикьу,,,,,,,,,ADV,гьикьу,Adverb_no_class
впереди,сседу,,,,,,,,,ADV,сседу,Adverb_no_class
вымя,гъа,"б, б",гъадобил,гъалӏи,гъадобалӏи,,,,,N,,
глотать,бикӏкӏунну,,,,,,,бикӏкӏун,бикӏкӏон,V,"бикӏкӏунну<V>:бикӏкӏу[nasal,transitive]",Verb
глубокий,уди,,,,,,,,,ADJ,уди,Adjective_no_class
голубь,гъугъу,"б, й",гъугъол,гъугъулӏи,гъугъобалӏи,,,,,N,,
гора,бил,"б, б",биладул,билолӏи,биладалӏи,билоъа,,,,N,,
горло,къванкъва,"б, б",къванкъибол,къванкъулӏи,къванкъибалӏи,,,,,N,,
грабли,лъарлъал,"б, б",лъарлъалол,лъарлъалулӏи,лъарлъалалӏи,,,,,N,,
град,шен,р,,шенлӏи,,,,,,N,,
грязный,чуруки,,,,,,,,,ADJ,чуруки,Adjective_no_class
день,зубу,"р, р",зубодул,зубулӏи,зубодалӏи,,,,,N,,
длинный,беххула,,,,,,"йеххула, беххула, реххула, веххула, веххулол, йеххулол",,,ADJ,беххула:еххула,Adjective_class_prefix
дно,гьимъу,"б, б",гьимъодул,гьимъулӏи,гьимъодалӏи,гьимуъулъа,,,,N,,
доска,хин,"р, р",химмил,химлӏи,химмалӏи,,,,,N,,
жечь,цӏатери,,,,,,,цӏато,цӏато,V,"цӏатери<V>:цӏат[thematic-i,transitive]",Verb
желчь,ссим,"б, б",ссимил,ссимлӏи,ссималӏи,,,,,N,,
женщина,йошикӏва,"й, й",йошул,йошикӏваллӏи,йошулилӏи,,,,,N,,
жеребец,чор,"б, й",чордул,чорлӏи,чордалӏи,,,,,N,,
жидкий,лъему,,,,,,,,,ADJ,лъему,Adjective_no_class
здесь,гьонолъу,,,,,,,,,ADV,гьонолъу,Adverb_no_class
зима,кьину,"р, р",кьинодул,кьинлӏи,кьинодалӏи,,,,,N,,
иней,цӏцӏикъу,б,,цӏцӏикъулӏи,,,,,,N,,
искать,кустери,,,,,,,кусти,кусто,V,"кустери<V>:куст[thematic-i,transitive]",Verb
кашлять,ухӏудери,,,,,,,ухӏуди,ухӏудиб,V,ухӏудери<V>:ухӏуд[thematic-i],Verb
капкан,гудур,"б, б",гудурдул,гудуролӏи,гудуралӏи,,,,,N,,
кизяк,цӏипӏила,"б, б",цӏипӏилдул,цӏипӏилулӏи,цӏипӏилдалӏи,,,,,N,,
кипеть,оххинну,,,,,,,оххон,оххом,V,"оххинну<V>:охх[nasal,npst-i]",Verb
кислый,цӏцӏикӏкӏу,,,,,,,,,ADJ,цӏцӏикӏкӏу,Adjective_no_class
клин,лӏутӏи,"б, б",лӏутӏол,лӏутӏолӏи,лӏутӏалӏи,,,,,N,,
клык,гожо,"б, б",гожолол,гожолӏи,гожолалӏи,,,,,N,,
ключ,рекӏул,"р, р",рекӏулол,рекӏулолӏи,рекӏулалӏи,,,,,N,,
клятва,ноко,"р, р",нокол,нокулӏи,нокодалӏи,,,,,N,,
ковер,тӏамсса,"б, б",тӏамсибол,тӏамсулӏи,тӏамсибалӏи,,,,,N,,
козел,тӏука,"б, й",тӏукибол,тӏукулӏи,тӏукибалӏи,,,,,N,,
колено,нико,"б, б",никобил,николӏи,никобалӏи,,,,,N,,
колесо,чӏуреги,"р, р",чӏурегобил,чӏурегулӏи,чӏурегобалӏи,,,,,N,,
корзина,гиза,"б, б",гизобил,гизулӏи,гизобалӏи,,,,,N,,
корыто,ирса,"р, р",ирсибол,ирсулӏи,ирсибалӏи,,,,,N,,
косить,хханнери,,,,,,,хханни,хханно,V,"хханнери<V>:хханн[thematic-i,transitive]",Verb
край,рагьал,"б, б",рагьалол,рагьаллӏи,рагьалалӏи,,,,,N,,
крапива,мичӏчӏи,"б, б",мичӏчӏил,мичӏчӏилӏи,мичӏчӏилалӏи,,,,,N,,
кривой,чӏило,,,,,чӏилол,,,,ADJ,чӏило,Adjective_no_class
кроить,букъери,,,,,,,букъи,букъо,V,"букъери<V>:букъ[thematic-i,transitive]",Verb
кривой,гъвенчӏил,,,,,гъвенчӏилол,,,,ADJ,гъвенчӏил,Adjective_no_class
кровь,гьин,"б, б",гьимил,гьинлӏи,,,,,,N,,
крыша,ом,"б, б",омадул,омлӏи,омадалӏи,омъа,,,,N,,
лаять,бахери,,,,,,,бахо,бахоб,V,бахери<V>:бах[thematic-o],Verb
лаять,хӏапунну,,,,,,,хӏапун,хӏапум,V,хӏапунну<V>:хӏапу[nasal],Verb
ладонь,хъота,"р, р",хъотобил,хъотулӏи,хъотобалӏи,хъотула,,,,N,,
левый,кучӏил,,,,,,,,,ADJ,кучӏил,Adjective_no_class
лизать,ламмери,,,,,,,ламми,ламмо,V,"ламмери<V>:ламм[thematic-i,transitive]",Verb
лес,решу,р,,решулӏи,,,,,,N,,
лето,къину,р,,къинлӏи,,къина,,,,N,,
ложка,арком,"б, б",аркомил,аркомулӏи,аркомалӏи,,,,,N,,
лук (растение),кӏонча,"б, б",кӏончол,кӏончулӏи,кӏончалӏи,,,,,N,,
лук (оружие),церцедахъи,"б, б",церцедахъол,церцедахъилӏи,церцедахъалӏи,,,,,N,,
много (неисчисляемые),бигьугу,,,,,,"бигьугу, ригьугу",,,ADV,бигьугу:гьугу,Adverb_class_prefix_i_u
много,бигьолгу,,,,,,"ригьолгу, вугьолгу, йигьолгу",,,ADV,бигьолгу:гьолгу,Adverb_class_prefix_i_u
молодой,олохъан,,,,,,,,,ADJ,олохъан,Adjective_no_class
молозиво,цӏцӏир,"б, б",цӏцӏирил,цӏцӏирлӏи,цӏцӏирилилӏи,,,,,N,,
моль,реси,б,,ресилӏи,,,,,,N,,
море,релъо,"р, р",релъобил,релъолӏи,релъобалӏи,,,,,N,,
мяукать,маъушери,,,,,,,маъушо,маъушо,V,"маъушери<V>:маъуш[thematic-i,transitive]",Verb
мост,кьир,"б, б",кьирдобил,кьирлӏи,кьирдобалӏи,,,,,N,,
моча,гьинкӏкӏур,"р, р",гьинкӏкӏурдул,гьинкӏкӏурлӏи,гьинкӏкӏурдалӏи,,,,,N,,
неделя,гьокьу,"р, р",гьокьодул,гьокьулӏи,гьокьодалӏи,,,,,N,,
низкий (скорее о вещах),кьухъур,,,,,,,,,ADJ,кьухъур,Adjective_no_class
низкий (скорее о живых),бочо,,,,,,"йочо, бочо, рочо, вочол, йочол, бочол",,,ADJ,бочо:очо,Adjective_class_prefix
нога,чункӏа,"б, б",чункӏобил,чункӏулӏи,чункӏобалӏи,,,,,N,,
нога,регъил,"б, б",регъибол,регъилолӏи,регъибалӏи,,,,,N,,
ножницы,исир,"р, р",исирдул,исиролӏи,исирдалӏи,,,,,N,,
нос,магьар,"б, б",магьардул,магьаролӏи,магьардалӏи,,,,,N,,
ночь,релъо,"р, р",релъодул,релъоллӏи,релъодалӏи,,,,,N,,
ночью,гьечӏодоъо,,,,,,,,,ADV,гьечӏодоъо,Adverb_no_class
осень,сибиру,"р, р",сибирдул,сибирулӏи,сибирдалӏи,,,,,N,,
очаг,ахъи,"б, б",ахъил,ахъилӏи,ахъилилӏи,ахъиха,,,,N,,
палка,цӏул,"р, р",цӏулибол,цӏулолӏи,цӏулибалӏи,,,,,N,,
паук,мисихвара,"б, й",мисихвардул,мисихварулӏи,мисихвардалӏи,,,,,N,,
писать,хъварери,,,,,,,хъвари,хъваро,V,"хъварери<V>:хъвар[thematic-i,transitive]",Verb
песок,сур,б,,сурлӏи,,,,,,N,,
подбородок,жуна,"р, р",жунал,,жуналлӏи,,,,,N,,
подкова,лъол,"р, р",лъолибол,лъолулӏи,лъолибалӏи,,,,,N,,
радоваться,бергьинну,,,,,,"вергьан, йергьан, йергьамол",вергьан,вергьам,V,бергьинну<V>:ергьа[nasal],Verb_class_prefix
почка,кӏкӏуну,"р, р",кӏкӏунибол,кӏкӏунулӏи,кӏкӏунибалӏи,,,,,N,,
пуговица,миргъал,"б, б",миргъалол,миргъалулӏи,миргъалалӏи,,,,,N,,
рана,ругъун,"р, р",ругъумол,ругъунулӏи,ругъумалӏи,,,,,N,,
рог,"ъвен, гъвен","б, б",ъвенол,ъвенулӏи,ъвенолилӏи,,,,,N,,
роса,щиб,б,,щиболӏи,,,,,,N,,
рубашка,гурдо,"р, р",гурдибол,гурдилӏи,гурдибалӏи,,,,,N,,
рукав,квелъир,"б, б",квелъирдул,квелъиролӏи,квелъирдалӏи,,,,,N,,
свадьба,бертин,"б, б",бертимол,бертинулӏи,бертималӏи,,,,,N,,
сено,гьунчӏа,"р, р",гьунчӏол,гьунчӏорлӏи,гьунчӏолилӏи,,,,,N,,
сердце,рокӏо,"р, р",рокӏол,рокӏоллӏи,рокӏолилӏи,,,,,N,,
серебро,орси,б,,орсилӏи,,,,,,N,,
скрипеть,зиркъунну,,,,,,,зиркъун,зиркъум,V,зиркъунну<V>:зиркъу[nasal],Verb
скрипеть,къиркъидери,,,,,,,къиркъиди,къиркъидиб,V,къиркъидери<V>:къиркъид[thematic-i],Verb
сказка,муха,"б, б",мухал,мухалӏи,мухалилӏи,,,,,N,,
слива,коком,"б, б",кокомил,кокомулӏи,кокомалӏи,,,,,N,,
смеяться,белълъери,,,,,,велълъери,велълъи,велълъиб,V,белълъери<V>:елълъ[thematic-i],Verb_class_prefix
солома,ситӏа,б,,ситӏалӏи,,,,,,N,,
сорока,чаргъитӏи,"б, й",чаргъитӏол,чаргъитӏулӏи,чаргъитӏобалӏи,,,,,N,,
спина,мигъул,"б, б",мигъулол,мигъулолӏи,,,,,,N,,
стрелять,кьвагьуноллу,,,,,,,кьвагьунолъи,кьвагьунолло,V,кьвагьуноллу<V>:кьвагьун[causative],Verb
старый,бохор,,,,,,"йохор, вохор, йохорол, вохорол",,,ADJ,бохор:охор,Adjective_class_prefix
сыворотка,эрцӏцӏи,"р, р",эрцӏцӏил,эрцӏцӏилӏи,эрцӏцӏилилӏи,,,,,N,,
танец,лӏибдир,б,,лӏибдирлӏи,,,,,,N,,
тело,черхи,"б, б",черхил,черхилӏи,черхилилӏи,,,,,N,,
тень,анччу,"б, б",анччодул,анччулӏи,анччодалӏи,,,,,N,,
теплый,унсса,,,,,,,,,ADJ,унсса,Adjective_no_class
тесто,гьатӏи,б,,гьатӏилӏи,,,,,,N,,
ткать,бещери,,,,,,,бещи,бещо,V,"бещери<V>:бещ[thematic-i,transitive]",Verb
тянуть,кьаннери,,,,,,,кьанни,кьанно,V,"кьаннери<V>:кьанн[thematic-i,transitive]",Verb
туша,къулийеб,"б, б",къулийебол,къулибулӏи,къулийебалӏи,,,,,N,,
уголь,гьабу,"б, б",гьабодул,гьабулӏи,гьабудалӏи,,,,,N,,
хвост,могъорчӏу,"б, б",могъорчӏобил,могъорчӏулӏи,могъорчӏобалӏи,,,,,N,,
хлев,бекьи,"б, б",бекьадул,бекьилӏи,бекьадалӏи,бекьу,,,,N,,
хромой,рекъу,,,,,,,,,ADJ,рекъу,Adjective_no_class
цветок,джинджи,"р, р",джинджил,джинджилӏи,джинджилилӏи,,,,,N,,
читать,баъери,,,,,,,баъи,баъо,V,"баъери<V>:баъ[thematic-i,transitive]",Verb
чесать,хъеллери,,,,,,,хъелли,хъелло,V,"хъеллери<V>:хъелл[thematic-i,transitive]",Verb
чеснок,ражи,б,,ражилӏи,,,,,,N,берцӏцӏом:ерцӏцӏом,Adjective_class_prefix
чистый,берцӏцӏом,,,,,,"берцӏцӏом, верцӏцӏом, йерцӏцӏомол",,,ADJ,,
шило,гьиму,"р, р",гьимодул,гьимодулӏи,гьимодалӏи,,,,,N,,
шумовка,хинкӏилахом,"б, б",хинкӏилахомил,хинкӏилахомалӏи,хинкӏилахомалӏи,,,,,N,,
щека,гверзу,"б, б",гверзобил,гверзуллӏи,гверзобалӏи,,,,,N,,
щенок,кӏунцӏцӏи,"б, й",кӏунцӏцӏол,кӏунцӏцӏолӏи,кӏунцӏцӏалӏи,,,,,N,,
яблоко,инчи,"б, б",инчил,инчиллӏи,инчилилӏи,,,,,N,,
яма,дунгил,"б, б",дунгилол,дунгилулӏи,дунгилалӏи,,,,,N,,
ячмень,бурчӏина,"б, б",бурчӏинол,бурчӏинулӏи,бурчӏинобалӏи,,,,,N,,
ящерица,кьерчин,"б, й",кьерчимол,кьерчимулӏи,кьерчималӏи,,,,,N,,
блоха,чӏонни,"б, й",чӏоннол,чӏоннулӏи,чӏонналӏи,,,,,N,,
большой,бечӏуха,,,,,,"бечӏуха, вечӏуха, йечӏуха, йечӏухол",,,ADJ,бечӏуха:ечӏуха,Adjective_class_prefix
вошь,ноцӏцӏи,"б, й",ноцӏцӏол,ноцӏцӏулӏи,ноцӏцӏалӏи,,,,,N,,
гвоздь,гьанкӏо,"б, б",гьанкӏодул,гьанкӏоллӏи,гьанкӏодалӏи,,,,,N,,
голова,мийар,"р, р",мийардул,мийарулӏи,мийардалӏи,,,,,N,,
груша,гьиᵸгьиᵸ,"б, б",гьиᵸгьиᵸл,гьиᵸгьиᵸлӏи,гьиᵸгьиᵸлилӏи,,,,,N,,
дождь,цӏцӏа,"р, р",цӏцӏалил,цӏцӏалӏи,цӏцӏалилилӏи,,,,,N,,
дорога,микъи,"б, б",микъадул,микъилӏи,микъадалӏи,"микъабо, микъаво, микъайо, микъавол, микъайол",,,,N,,
дым,кӏвей,"б, б",кӏвейадул,кӏвейлӏи,кӏвейадалӏи,,,,,N,,
звезда,цӏцӏа,"р, р",цӏцӏалил,цӏцӏалилӏи,цӏцӏалилилӏи,,,,,N,,
звезда,цӏцӏва,"р, р",цӏцӏвалил,цӏцӏвалилӏи,цӏцӏвалилилӏи,,,,,N,,
зуб,сол,"р, р",солибол,солуллӏи,солибалӏи,,,,,N,,
кинжал,хъанжар,"б, б",хъанжардул,хъанжарулӏи,хъанжардалӏи,,,,,N,,
коза,цӏцӏиᵸйаᵸ,"б, й",цӏцӏеᵸнил,цӏцӏиᵸйоᵸлӏи,цӏцӏеᵸнилӏи,,,,,N,,
кольцо,цӏцӏекӏалъол,"р, р",цӏцӏекӏалъолол,цӏцӏекӏалъолулӏи,цӏцӏекӏалъолалӏи,,,,,N,,
корова,зиᵸвуᵸ,"б, й",зиᵸнол,зиᵸвуᵸлӏи,зиᵸналӏи,,,,,N,,
корова,зиᵸв,"б, й",зиᵸнол,зиᵸвуᵸлӏи,зиᵸналӏи,,,,,N,,
короткий,бочо,,,,,,"йочо, вочо, рочо, вочол, йочол, бочол",,,ADJ,бочо:очо,Adjective_class_prefix
красный,гьири,,,,,,,,,ADJ,гьири,Adjective_no_class
лоб,гьонно,"р, р",гьоннодул,гьонноллӏи,гьоннодалӏи,гьонноллуъа,,,,N,,
медведь,сеᵸй,"б, й",сеᵸйил,сеᵸйолӏи,сеᵸйилилӏи,,,,,N,,
молоко,щиᵸв,"р, р",щиᵸвол,щиᵸвулӏи,щиᵸводалӏи,щиᵸвулӏи,,,,N,,
молоток,куртӏа,"р, р",куртӏибол,куртӏулӏи,куртӏибалӏи,,,,,N,,
муха,тӏентӏа,"б, й",тӏентӏол,тӏентӏулӏи,тӏентӏалӏи,,,,,N,,
мышь,гьинкӏкӏу,"б, й",гьинкӏкӏол,гьинкӏкӏулӏи,гьинкӏкӏвалӏи,,,,,N,,
огонь,цӏа,"р, р",цӏалил,цӏалӏи,цӏалилилӏи,цӏалӏи,,,,N,,
олень,ритӏучӏи,"б, й",ритӏучӏол,ритӏучӏулӏи,ритӏучӏалӏи,,,,,N,,
осел,гьаморхи,"б, й",гьаморхол,гьаморхулӏи,гьаморхалӏи,,,,,N,,
петух,хӏелеко,"б, й",хӏелекобил,хӏелеколӏи,хӏелекобалӏи,,,,,N,,
пустой,бечӏугу,,,,,,"бечӏугу, речӏугу",,,ADJ,бечӏугу:ечӏугу,Adjective_class_prefix
сабля,хвалчен,"р, р",хвалчемил,хвалченулӏи,хвалчемалӏи,,,,,N,,
сани,чанагъи,"р, р",чанагъобил,чанагъулӏи,чанагъобалӏи,чанагъуъа,,,,N,,
синий,хвечи,,,,,,,,,ADJ,хвечи,Adjective_no_class
сундук,гъвамарссу,"р, р",гъвамарссол,гъвамарссулӏи,гъвамарссобалӏи,гъвамарссула,,,,N,,
сын,вошо,"в, в",вошул,вошув,вошулув,,,,,N,вошо<obl>:вошу,
ухо,гьантӏикӏа,"б, б",гьантӏикӏобил,гьантӏикӏулӏи,гьантӏикӏобалӏи,,,,,N,,
худой,хъелла,,,,,,,,,ADJ,хъелла,Adjective_no_class
язык,мицӏцӏи,"б, б",мицӏцӏил,мицӏцӏилӏи,мицӏцӏибалӏи,,,,,N,,
печь,пещи,"б, б",пещил,пещиллӏи,пещилилӏи,пещилха,,,,N,,
печь,ахъи,б,ахъил,ахъилӏи,ахъилилӏи,,,,,N,,
печь (глагол),бежери,,,,,,,бежа,бежо,V,"бежери<V>:беж[thematic-a,transitive]",Verb
барабан,къали,"б, б",къалил,къалилӏи,къалилилӏи,,,,,N,,
бедный,бискин,,,,,,,,,ADJ,бискин,Adjective_no_class
беременная,гьанъо,,,,,,,,,ADJ,гьанъо,Adjective_no_class
бумага,кагъар,"р, р",кагъардул,кагъарулӏи,кагъардалӏи,,,,,N,,
бычок,къинком,"б, й",къинкомил,къинкомулӏи,къинкомалӏи,,,,,N,,
вдова,серо,,серол,сероллӏи,серолилӏи,,,,,N,,
вдовец,серо,,серол,сероллӏи,серолилӏи,,,,,N,,
верблюд,гъварани,"б, й",гъваранобил,гъваранулӏи,гъваранобалӏи,,,,,N,,
ворота,кав,"б, б",каводул,кавдолӏи,каводалӏи,кавдоха,,,,N,,
восемь,бейкьигу,,,,,,,,,NUM,,
воск,щир,"б, б",щирдул,щирлӏи,щирдалӏи,,,,,N,,
второй,чӏелдеб,,,,,,чӏелдебул,,,NUM,,
вы,биссил,,,,,,,,,PRON,,
глина,чӏабар,"б, б",чӏабардул,чӏабарлӏи,чӏабардалӏи,,,,,N,,
глупый,тохи,,,,,,,,,ADJ,тохи,Adjective_no_class
гореть,лапешери,,,,,,,лапешо,,V,,Verb
гореть,цӏатери,,,,,,,цӏато,цӏатоб,V,цӏатери<V>:цӏат[thematic-o],Verb
гнида,тӏана,"б, й",тӏанол,тӏанулӏи,тӏанолилӏи,,,,,N,,
город,шагьар,"б, б",шагьардул,шагьарулӏи,шагьардалӏи,шагьаруъа,,,,N,,
гребень,гьокьу,"р, р",гьокьодул,гьокьудолӏи,гьокьодалӏи,,,,,N,,
грязь,гъузи,"б, б",гъузол,гъузиллӏи,гъузолилӏи,гъузалӏи,,,,N,,
густой,бекъуб,,,,,,рекъуб,,,ADJ,бекъуб:екъуб[b],Adjective_class_prefix
да,гьуᵸ,,,,,,,,,EXCL,,
да,джи,,,,,,,,,EXCL,,
двор,рей,"б, б",рейадул,рейлӏи,рейадалӏи,рейду,,,,N,,
десна,томил,"б, б",томилол,томилулӏи,томилалӏи,,,,,N,,
долг,налъи,"р, р",налъол,налъолӏи,налъолилӏи,,,,,N,,
драться,бахери,,,,,,вахери,вахо,вахоб,V,бахери<V>:ах[thematic-o],Verb_class_prefix
дуть,пудери,,,,,,,пуди,пудо,V,"пудери<V>:пуд[thematic-i,transitive]",Verb
другой,себло,,,,,,"севло, сейло, себло, севулло, сейилло, себулло",,,ADJ,себло:се :ло,Adjective_class_internal(2)
жирный,чора,,,,,,,,,ADJ,чора,Adjective_no_class
жирный (бульон),чӏачӏи,,,,,,,,,ADJ,чӏачӏи,Adjective_no_class
здоровый,сагъи,,,,,,,,,ADJ,сагъи,Adjective_no_class
иногда,жиб жиб заман,,,,,,,,,ADV,,
каждый,джиб,,,,,,,,,ADJ,джиб[b],Adjective_no_class
уличная печь для хлеба,тавхан,б,,тавханулӏи,,,,,,N,,
капля,тӏонкӏил,"р, р",тӏонкӏилол,тӏонкӏилулӏи,тӏонкӏилалӏи,,,,,N,,
книга,ххуча,"р, р",ххучол,ххучулӏи,ххучалӏи,хучула,,,,N,,
колбаса,рудил,"б, б",рудилол,рудилулӏи,рудилалӏи,,,,,N,,
кормить,биконну,,,,,,"биконлъи, вуконлъи, йиконлъи, воконлъи, йоконлъи",биконлъи,биконно,V,"биконну<V>:к[nasal,causative]",Verb_class_prefix_i_o
кость,рокьи,"б, б",рокьол,рокьиллӏи,"рокьалӏи, рокьилилӏи",,,,,N,,
красивый,багъу,,,,,,,,,ADJ,багъу,Adjective_no_class
кукуруза,хӏечӏинкӏа,"б, б",хӏечӏинкӏол,хӏечӏинкӏулӏи,хӏечӏинкӏалӏи,,,,,N,,
куропатка,гъобгъо,"б, й",гъобгъол,гъобгъолӏи,гъобгъолилӏи,,,,,N,,
кусок,тупи,"б, б",тупил,тупиллӏи,тупилилӏи,,,,,N,,
легкий,лъолколъи,,,,,,,,,ADJ,лъолколъи,Adjective_no_class
летучая мышь,лъалботӏи,"б, й",лъалботӏол,лъалботӏиллӏи,лъалботӏулилӏи,,,,,N,,
лопата,бел,"б, б",беладул,белулӏи,беладалӏи,,,,,N,,
медь,гьир,"б, б",гьирдул,гьирлӏи,гьирдобалӏи,,,,,N,,
мелкий,чӏантӏи,,,,,,,,,ADJ,чӏантӏи,Adjective_no_class
мертвый,бичӏой,,,,,,"йичӏой, вучӏой, йочӏой, вочӏой",,,ADJ,бичӏой:чӏой,Adjective_class_prefix_i_u
мешок,таргьа,"б, б",таргьибол,таргьулӏи,таргьибалӏи,,,,,N,,
могила,шу,"б, б",шулибол,шулӏи,шулибалӏи,шудила,,,,N,,
молния,пири,"б, б",пирил,пирилӏи,пирилилӏи,,,,,N,,
мыло,сапун,"б, б",сапумол,сапунолӏи,сапумалӏи,,,,,N,,
падать,вукквери,,,,,,"вукку, йукку, букку, вукӏуй, йукӏуй, букӏуй",вукку,вуккуб,V,,Verb
одежда,роъол,"б, б",роъолол,роъоллӏи,роъолалӏи,,,,,N,,
одеяло,йоргъан,"б, б",йоргъамил,йоргъанулӏи,йоргъамалӏи,,,,,N,,
оса,гьанкьакӏур,"б, й",гьанкьакӏурол,гьанкьакӏурулӏи,гьанкьакӏуралӏи,,,,,N,,
палас,паларсси,"б, б",паларссол,паларссулӏи,паларссолилӏи,,,,,N,,
паутина,гелчи,"б, б",гелчил,гелчилӏи,гелчилилӏи,,,,,N,,
пена,пол,"б, б",полил,поллӏи,полилилӏи,,,,,N,,
пещера,речӏчӏо,"б, б",речӏчӏадул,речӏчӏолӏи,речӏчӏадалӏи,,,,,N,,
плавать,коллери,,,,,,,колли,коллиб,V,коллери<V>:колл[thematic-i],Verb
пища,буги,"б, б",бугил,бугилӏи,бугилилӏи,,,,,N,,
платок,кӏази,"р, р",кӏазил,кӏазилӏи,кӏазилилӏи,,,,,N,,
плесень,ккал,"б, б",ккалил,ккалуллӏи,ккалилилӏи,,,,,N,,
подушка,къелъин,"р, р",къелъимол,къелъинулӏи,къелъималӏи,,,,,N,,
половина,ахьал,"б, б",ахьалол,ахьаллӏи,ахьалолилӏи,,,,,N,,
половина,сейсиб,"б, б",сейсибол,сейсибулӏи,сейсибалӏи,,,,,N,,
просо,беча,,,,,,,,,N,,
резать,букъери,,,,,,"рукъи, бакъи, ракъи, вукъи, вакъи, йикъери",букъи,рукъо,V,"букъери<V>:къ[thematic-i,transitive]",Verb_class_prefix_u_a
расти,бижунну,,,,,,"рожун, бижун, божун",бижун,бижум,V,бижунну<V>:жу[nasal],Verb_class_prefix_i_o
раб,лагъи,"в, в",лагъол,лагъишув,лагъолув,,,,,N,,
рабыня,лагъи,"й, й",лагъол,лагъиллӏил,лагъолилӏи,,,,,N,,
род,тухум,"б, б",тухумол,тухумулӏи,тухумалӏи,,,,,N,,
саван,мусру,"б, б",мусродул,мусрулӏи,мусродалӏи,,,,,N,,
сахар,писоки,"б, б",писокол,писокулӏи,писоколилӏи,,,,,N,,
сахар,чахъар,"б, б",чахъардул,чахъарулӏи,чахъардалӏи,,,,,N,,
свеча,чирахъи,"б, б",чирахъол,чирахъулӏи,чирахъалӏи,,,,,N,,
свинья,хунтӏа,"б, й",хунтӏил,хунтӏулӏи,хунтӏилилӏи,,,,,N,,
селезенка,эчӏчӏи,"б, б",эчӏчӏил,эчӏчӏиллӏи,эчӏчӏилилӏи,,,,,N,,
семь,гьокьугу,,,,,,,,,NUM,,
сосать,цӏцӏуннери,,,,,,,цӏцӏунни,цӏцӏунно,V,"цӏцӏуннери<V>:цӏцӏунн[thematic-i,transitive]",Verb
семья,хъизан,"б, б",хъизамил,хъизанулӏи,хъизамалӏи,,,,,N,къваку,Adjective_no_class
сильный,къваку,,,,,,,,,ADJ,,
слово,рошо,"б, б",рошол,рошоллӏи,рошолилӏи,,,,,N,,
сосать,боххинну,,,,,,"роххонний, воххинну",боххон,боххон,V,"боххинну<V>:охх[nasal,transitive,npst-i]",Verb_class_prefix
сто,бешенугу,,,,,,,,,NUM,,
там,гьуду,,,,,,,,,ADV,гьуду,Adverb_no_class
тарелка,гъадара,"б, б",гъадардул,гъадарулӏи,гъадардалӏи,,,,,N,,
терять,битӏери,,,,,,"ритӏу, йитӏу, вутӏу, вотӏуй, йотӏуй",битӏу,битӏуб,V,битӏери<V>:тӏ[thematic-u],Verb_class_prefix_i_o
миска,чингил,"р, р",чингилол,чингилулӏи,y,,,,,N,,
теленок,лъедир,"б, й",лъедирдул,лъедиролӏи,лъедирдалӏи,,,,,N,,
тесть,имакьору,"в, в",имакьордобил,имакьорушув,имакьордав,,,,,N,,
точило,чарххи,"р, р",чарххил,чарххиллӏи,чарххилилӏи,,,,,N,,
точило,хъиру,"б, б",хъирдобил,хъирдолӏи,хъирдобалӏи,,,,,N,,
ты,мен,,,,,,,,,PRON,,
тысяча,озуругу,,,,,,,,,NUM,,
тюрьма,туснахъ,"б, б",туснахъол,туснахъиллӏи,туснахъалӏи,,,,,N,,
тяжелый,гьокӏору,,,,,,,,,ADJ,гьокӏору,Adjective_no_class
угол,цӏцӏикон,"б, б",цӏцӏикомил,цӏцӏиконлӏи,цӏцӏикомалӏи,,,,,N,,
узел,кӏору,"б, б",кӏородул,кӏорулӏи,кӏородалӏи,,,,,N,,
цена,багьа,"б, б",багьал,багьаллӏи,багьалилӏи,,,,,N,,
человек,гьеква,в,,гьеквашув,,,,,,N,,
четыре,боъогу,,,,,,"боъогу, воъогу, йоъогу",,,NUM,,
шаг,гали,"б, б",галил,галиллӏи,галилилӏи,,,,,N,,
я,ден,,,,,,,,,PRON,,
ярмо,рукьо,"р, р",рукьодул,рукьоллӏи,рукьодалӏи,,,,,N,,
бабочка,одорукӏа,"б, й",одорукӏол,одорукӏаллӏи,одорукӏалӏи,,,,,N,,
бок,исиб,"б, б",исибол,исибулӏи,исибалӏи,,,,,N,,
борозда,рохъи,"б, б",рохъадул,рохъиллӏи,рохъадалӏи,,,,,N,,
бык,бугъа,"б, й",бугъибадул,бугъулӏи,бугъибадалӏи,,,,,N,,
бык,унсо,"б, й",унсодал,унсулӏи,унсодалӏи,,,,,N,,
быстро,хехи,,,,,,,,,ADV,хехи,Adverb_no_class
вздрагивать,ирери,,,,,,,ири,ириб,V,ирери<V>:ир[thematic-i],Verb
веник,коцӏи,"б, б",коцӏол,коцӏиллӏи,коцӏалӏи,,,,,N,,
вилы,кӏвенкьа,"б, б",кӏвенкьибол,кӏвенкьулӏи,кӏвенкьибалӏи,,,,,N,,
виноград,чӏичӏи,"б, б",чӏичӏил,чӏичӏилӏи,чӏичӏилилӏи,,,,,N,,
внутри,гьину,,,,,,,,,ADV,гьину,Adverb_no_class
ворона,гъанни,"б, й",гъаннол,гъаннулӏи,гъанналӏи,,,,,N,,
все,жибулгу,,,,,,"жийилгу, живулгу, жибулгу",,,ADJ,жибулгу:жи :улгу,Adjective_class_internal(2)
гнездо,бешен,"б, б",бешемил,бешенлӏи,бешемалӏи,бешенъа,,,,N,,
гнить,турери,,,,,,,тури,туриб,V,турери<V>:тур[thematic-i],Verb
пахнуть гнилью,шанохвери,,,,,,,шаноху,шанохуб,V,шанохвери<V>:шанохв[thematic-u],Verb
гной,охо,"б, б",охол,охоллӏи,охолилӏи,,,,,N,,
горький,букьин,,,,,,,,,ADJ,букьин,Adjective_no_class
делать,джидери,,,,,,,джеди,джидо,V,"джидери<V>:джид[thematic-i,transitive]",Verb
губа,сункӏа,"б, б",сункӏобил,сункӏулӏи,сункӏобалӏи,,,,,N,,
далеко,элолла,,,,,,,,,ADV,элолла,Adverb_no_class
дом,милки,"б, б",милкил,милкиллӏи,милкилилӏи,,,,,N,,
жевать,чӏаммери,,,,,,,чӏамми,чӏаммо,V,"чӏаммери<V>:чӏамм[thematic-i,transitive]",Verb
дрожать,чӏирчӏишери,,,,,,,чӏирчӏишо,чӏирчӏишоб,V,чӏирчӏишери<V>:чӏирчӏиш[thematic-o],Verb
жена,гьорчӏи,"й, й",гьорчӏобил,гьорчӏулӏи,гьорчӏобалӏи,,,,,N,,
живот,река,"р, р",рекобил,рекулӏи,рекобалӏи,рекула,,,,N,,
качать,бергъоллу,,,,,,"вергъолъи, йергъолъи, бергъолъи, йергъолъирил",вергъолъи,йергъолло,V,бергъоллу<V>:ергъ[causative],Verb_class_prefix
знать,цӏиннери,,,,,,,цӏинни,цӏинниб,V,цӏиннери<V>:цӏинн[thematic-i],Verb
земляника,гъваркъи,р,,гъваркъилӏи,,,,,,N,,
кирка,газа,"б, б",газибол,газулӏи,газибалӏи,,,,,N,,
копать,хварери,,,,,,,хвари,хваро,V,"хварери<V>:хвар[thematic-i,transitive]",Verb
клещ,арпа,"б, й",арпол,арпуллӏи,арполилӏи,,,,,N,,
комар,кӏкӏара,"б, й",кӏкӏарибол,кӏкӏарулӏи,кӏкӏарибалӏи,,,,,N,,
копыто,лъол,"р, р",лъолибол,лъолулӏи,лъолибалӏи,,,,,N,,
кремень,чӏому,"б, б",чӏомодул,чӏомодалӏи,чӏомодалӏи,,,,,N,,
круглый,гургума,,,,,,,,,ADJ,гургума,Adjective_no_class
крышка,ъала,"р, р",ъалибол,ъалулӏи,ъалибалӏи,,,,,N,,
кувшин,кӏепи,"р, р",кӏепил,кӏепиллӏи,кӏепилилӏи,,,,,N,,
кукарекать,уᵸъуᵸдери,,,,,,,уᵸъуᵸди,уᵸъуᵸдиб,V,уᵸъуᵸдери<V>:уᵸъуᵸд[thematic-i],Verb
кузнечик,гъацӏа,"б, й",гъацӏол,гъацӏолӏи,гъацӏалӏи,,,,,N,,
кулак,за,"б, б",задобил,задулӏи,задобалӏи,,,,,N,,
лапа,квачӏа,"р, р",квачӏибол,квачӏулӏи,квачӏибалӏи,,,,,N,,
лед,зар,"р, р",зардул,зарлӏи,зардалӏи,,,,,N,,
лицо,рижи,"р, р",рижил,рижиллӏи,рижилилӏи,,,,,N,,
локоть,цӏцӏикон,"б, б",цӏцӏикомил,цӏцӏиконлӏи,цӏцӏикомалӏи,,,,,N,,
медленно,илӏохъи,,,,,,,,,ADV,илӏохъи,Adverb_no_class
менять,бершери,,,,,,"бершой, рершой",бершо,бершо,V,"бершери<V>:ерш[thematic-o,transitive]",Verb_class_prefix
месить,кӏвкӏварери,,,,,,,кӏвкӏвари,кӏвкӏваро,V,"кӏвкӏварери<V>:кӏвкӏвар[thematic-i,transitive]",Verb
медленно,илӏогва,,,,,,,,,ADV,илӏогва,Adverb_no_class
мельница,ихоб,"р, р",ихобил,ихобулӏи,ихобалӏи,,,,,N,,
молоть,ихохъери,,,,,,,ихохъи,ихохъо,V,"ихохъери<V>:ихохъ[thematic-i,transitive]",Verb
мокрый,битӏонниб,,,,,,"ритӏонниб, ротӏоннибул, ботӏоннибул",,,ADJ,битӏонниб:тӏонниб[b],Adjective_class_prefix_i_u
муж,кунтӏа,"в, в",кунтӏобил,кунтӏув,кунтӏобав,,,,,N,,
мычать,гьуммедери,,,,,,,гьуммеди,гьуммедиб,V,гьуммедери<V>:гьуммед[thematic-i],Verb
муравей,лъанцӏцӏи,"б, й",лъанцӏцӏол,лъанцӏцӏолӏи,лъанцӏцӏалӏи,,,,,N,,
ноготь,мулъа,"б, б",мулъалол,мулъалулӏи,мулъалалӏи,,,,,N,,
овес,ниха,"б, б",нихал,нихаллӏи,нихалилӏи,,,,,N,,
овца,хӏайман,"б, й",хӏайманол,хӏайманулӏи,хӏайманалӏи,,,,,N,,
орел,цӏцӏум,"б, й",цӏцӏуммил,цӏцӏумолӏи,цӏцӏумалӏи,,,,,N,,
орех,авъал,"р, р",авъалол,авъаллӏи,авъалалӏи,,,,,N,,
осленок,токӏищи,"б, й",токӏищол,токӏищулӏи,токӏищалӏи,,,,,N,,
пахать,бекьери,,,,,,,бекьи,бекьо,V,"бекьери<V>:бекь[thematic-i,transitive]",Verb
охапка,гьолӏийа,"б, б",гьолӏийол,гьолӏийулӏи,гьолӏийалӏи,,,,,N,,
пень,гъадукӏол,"б, б",гъадукӏолол,гъадукӏолулӏи,гъадукӏолалӏи,,,,,N,,
песня,кечӏи,"б, б",кечӏол,кечӏолӏи,кечӏолилӏи,,,,,N,,
плакать,бекӏуъери,,,,,,"векӏуъи, йекӏуъи, бекӏуъи, йекӏуъол, векӏуъол",векӏуъи,векӏуъиб,V,бекӏуъери<V>:екӏуъ[thematic-i],Verb_class_prefix
пилить,хъухъанну,,,,,,,хъухъан,хъухъон,V,"хъухъанну<V>:хъухъа[nasal,transitive]",Verb
печень,реъилӏи,"р, р",реъилӏол,реъилӏулӏи,реъилӏобалӏи,,,,,N,,
пиявка,куронжи,"б, й",куронжол,куронжулӏи,куронжалӏи,,,,,N,,
полный,бицӏцӏиб,,,,,,"рицӏцӏиб, вуцӏцӏиб, йицӏцӏиб, воцӏцӏибул, йоцӏцӏибул,",,,ADJ,бицӏцӏиб:цӏцӏиб[b],Adjective_class_prefix_i_u
послезавтра,сой,,,,,,,,,ADV,сой,Adverb_no_class
посуда,къай,"б, б",къайил,къайлӏи,къайилилӏи,,,,,N,,
правый,гьанчӏчӏил,,,,,,,,,ADJ,гьанчӏчӏил,Adjective_no_class
продавать,бахоллу,,,,,,"бахолъий, рахолъий",бахолъи,бахолло,V,бахоллу<V>:ах[causative],Verb_class_prefix
пупок,цӏцӏунно,"р, р",цӏцӏуннобил,цӏцӏунноллӏи,цӏцӏуннобалӏи,,,,,N,,
пыль,кьехва,"б, б",кьехвал,кьехвалӏи,кьехвалилӏи,,,,,N,,
пятка,мижа,"б, б",мижалол,мижалулӏи,мижалалӏи,,,,,N,,
сеять,бекьери,,,,,,"бекьи, рекьи",бекьи,бекьо,V,"бекьери<V>:екь[thematic-i,transitive]",Verb_class_prefix
скользить,гъурери,,,,,,,гъури,гъуриб,V,гъурери<V>:гъур[thematic-i],Verb
ржать,хӏихӏишери,,,,,,,хӏихӏиши,хӏихӏишоб,V,хӏихӏишери<V>:хӏихӏиш[thematic-o],Verb
рука,реъа,"р, р",реъобил,реъулӏи,реъобалӏи,,,,,N,,
слышать,анлъери,,,,,,,анлъи,анлъиб,V,анлъери<V>:анлъ[thematic-i],Verb
сладкий,мицӏа,,,,,,,,,ADJ,мицӏа,Adjective_no_class
слюна,тото,"б, б",тотобол,тотолилӏи,тотобалӏи,,,,,N,,
смола,пирцӏцӏи,"б, б",пирцӏцӏил,пирцӏцӏилӏи,пирцӏцӏилилӏи,,,,,N,,
собирать,бакӏарунну,,,,,,"бакӏарун, ракӏарун, вакӏарун, йакӏарун",бакӏарун,бакӏарон,V,"бакӏарунну<V>:акӏару[nasal,transitive]",Verb_class_prefix
спать,кьихинну,,,,,,,кьихон,кьихон,V,"кьихинну<V>:кьих[nasal,transitive,npst-i]",Verb
сноп,аста,"б, б",астибол,астулӏи,астибалӏи,,,,,N,,
соль,цӏцӏон,"р, р",цӏцӏонибол,цӏцӏонлӏи,цӏцӏонибалӏи,,,,,N,,
считать,багвери,,,,,,,багу,баго,V,,Verb
стричь,къирери,,,,,,,къири,къиро,V,"къирери<V>:къир[thematic-i,transitive]",Verb
сука,гежи,"б, й",гежобил,гежолӏи,гежобалӏи,,,,,N,,
сыр,чӏами,"р, р",чӏамил,чӏамилӏи,чӏамилилӏи,,,,,N,,
таять,буцӏери,,,,,,"буцӏор, руцӏор",буцӏо,руцӏоб,V,буцӏери<V>:уцӏ[thematic-o],Verb_class_prefix
убегать,бучӏчӏунну,,,,,,"вучӏчӏун, йичӏчӏун, бучӏчӏун, вачӏчӏун, йачӏчӏун",вучӏчӏун,вучӏчӏум,V,бучӏчӏунну<V>:чӏчӏу[nasal],Verb_class_prefix_u_a
толокно,гун,б,,гунлӏи,гунолӏол,,,,,N,,
тонкий,беъора,,,,,,"веъора, йеъора, веъорол, йеъорол",,,ADJ,беъора:еъора,Adjective_class_prefix
хвалить,беццихъери,,,,,,"веццихъи, йеццихъи, беццихъи, йеццихъол",веццихъи,веццихъо,V,"беццихъери<V>:еццихъ[thematic-i,transitive]",Verb_class_prefix
уздечка,пархон,"р, р",пархомил,пархонулӏи,пархомалӏи,,,,,N,,
фундамент,гъа,б,,гъалӏи,,,,,,N,,
фундамент,кьучӏчӏи,"б, б",кьучӏчӏол,кьучӏчӏиллӏи,кьучӏчӏилалӏи,,,,,N,,
царапать,рихъери,,,,,,,рихъи,рихъо,V,"рихъери<V>:рихъ[thematic-i,transitive]",Verb
царапать,хъеллери,,,,,,,хъелли,хъелло,V,"хъеллери<V>:хъелл[thematic-i,transitive]",Verb
холодный,содо,,,,,,,,,ADJ,содо,Adjective_no_class
холодный,зархуб,,,,,,"зархур, зархуб",,,ADJ,зархуб:зарху,Adjective_class_suffix
шить,бахинну,,,,,,"бахон, рахон",бахон,бахон,V,"бахинну<V>:ах[nasal,transitive,npst-i]",Verb_class_prefix
цепь,раххасси,"р, р",раххассол,раххассулӏи,раххассалӏи,,,,,N,,
волос,лъин,"б, б",лъинибол,лъинлӏи,лъинибалӏи,,,,,N,,
завтра,щела,,,,,,,,,ADV,щела,Adverb_no_class
заяц,кьанкӏала,"б, й",кьанкӏалдул,кьанкӏалулӏи,кьанкӏалдалӏи,,,,,N,,
маленький,мичӏи,,,,,,,,,ADJ,мичӏи,Adjective_no_class
рот,кӏол,"б, б",кӏолибол,кӏололӏи,кӏолибалӏи,,,,,N,,
штаны,орчоги,"р, р",орчогобил,орчогулӏи,орчогобалӏи,,,,,N,,
штаны,шалавар,"р, р",шалаварол,шалаварлӏи,шалаваралӏи,,,,,N,,
стекло,матӏу,"р, р",матӏодул,матӏулӏи,матӏодалӏи,,,,,N,,
стол,устул,"б, б",устулол,устулулӏи,устулалӏи,,,,,N,,
ад,джуджахӏи,б,,джуджахӏаллӏи,,,,,,N,,
аккуратный,уцӏцӏилойсси,,,,,,,,,ADJ,уцӏцӏилойсси,Adjective_no_class
алюминий,тутийа,"б, б",тутийал,тутийалӏи,тутийалилӏи,,,,,ADJ,тутийа,Adjective_no_class
арбуз,хъарпузи,"б, б",хъарпузол,хъарпузулӏи,хъарпузалӏи,,,,,N,,
бегать,гьеллери,,,,,,,гьелли,гьеллиб,V,гьеллери<V>:гьелл[thematic-i],Verb
башлык,башлухъи,"б, б",башлухъол,башлухъулӏи,башлухъалӏи,,,,,N,,
беседа,хабарчӏабар,"б, б",хабарчӏабарол,хабарчӏабарулӏи,хабарчӏабаралӏи,,,,,N,,
бинокль,дурмал,"б, б",дурмалол,дурмалулӏи,дурмалалӏи,,,,,N,,
блестеть,биквери,,,,,,"роквери, рикоко, вукоко, йикоко, вококо, йококо",бикоко,бикоб,V,,Verb_class_prefix_i_o
брызгать,пунхъишери,,,,,,,пунхъишо,пунхъишо,V,"пунхъишери<V>:пунхъиш[thematic-i,transitive]",Verb
бросать,шаммери,,,,,,,шамми,шаммо,V,"шаммери<V>:шамм[thematic-i,transitive]",Verb
болезнь,рукъур,"б, б",рукъурол,рукъурлӏи,рукъуралӏи,,,,,N,,
буйвол,гамущи,"б, й",гамущол,гамущулӏи,гамущалӏи,,,,,N,,
буква,хӏарпи,"б, б",хӏарпил,хӏарпиллӏи,хӏарпилилӏи,,,,,N,,
быстрый,хехи,,,,,,,,,ADJ,хехи,Adjective_no_class
в прошлом году,ссоб,,,,,,,,,ADV,ссоб,Adverb_no_class
вата,пампа,р,,пампаллӏи,,,,,,N,,
ваш,биссиб,,,,,,"биссив, биссивул, биссий, биссийил, биссиб, биссибул",,,ADJ,биссиб:бисси,Adjective_class_suffix
вера,дин,б,,динлӏи,,,,,,N,,
верхний,гьиъасси,,,,,,,,,ADJ,гьиъасси,Adjective_no_class
вещи,дан,"б, б",данол,данлӏи,даналлӏи,,,,,N,,
вина,айиб,"б, б",айибол,айибулӏи,айибалӏи,,,,,N,,
вкусный,мицӏцӏа,,,,,,,,,ADJ,мицӏцӏа,Adjective_no_class
власть,ханлъир,"б, б",ханлъирол,ханлъирлӏи,ханлъиралӏи,,,,,N,,
вниз,гьикьу,,,,,,,,,ADV,гьикьу,Adverb_no_class
внутренний,гьинусси,,,,,,,,,ADJ,гьинусси,Adjective_no_class
водка,аракъи,б,,аракъулӏи,,,,,,N,,
возможность,ресси,"б, б",рессил,рессиллӏи,рессилилӏи,,,,,N,,
войско,аскӏар,"б, б",аскӏарол,аскӏарлӏи,аскӏаралӏи,,,,,N,,
вокруг,бехъиссорий,,,,,,"вехъиссорий, йехъиссорий, бехъиссорий",,,ADV,бехъиссорий:ехъиссорий,Adverb_class_prefix
волна,карачел,"б, б",карачелол,карачелулӏи,карачелалӏи,,,,,N,,
вопрос,суъал,"б, б",суъалол,суъалулӏи,суъалалӏи,,,,,N,,
восемьдесят,бейкьицӏолгу,,,,,,,,,NUM,,
воскресенье,гьатӏан,"р, р",гьатӏанол,гьатӏанлӏи,гьатӏаналӏи,,,,,N,,
вражда,тушманлъир,"б, б",тушманлъирол,тушманлъирлӏи,тушманлъиралӏи,,,,,N,,
вчерашний,сунисси,,,,,,,,,ADJ,сунисси,Adjective_no_class
глист,жолка,"б, й",жолкол,жолкулӏи,жолкалӏи,,,,,N,,
государство,паччалухъи,"б, б",паччалухъол,паччалухъиллӏи,паччалухъалӏи,,,,,N,,
готовность,гьадурлъир,"б, б",гьадурлъирол,гьадурлъирлӏи,гьадурлъиралӏи,,,,,N,,
готовый,гьадур,,,,,,,,,ADJ,гьадур,Adjective_no_class
граница,урхъи,"б, б",урхъадул,урхъудолӏи,урхъадалӏи,,,,,N,,
грех,мунагьи,"б, б",мунагьол,мунагьиллӏи,мунагьалӏи,,,,,N,,
грива,йал,"б, б",йалил,йалулӏи,йалуллӏол,,,,,N,,
грубый,хъачӏи,,,,,,,,,ADJ,хъачӏи,Adjective_no_class
давно,нукӏвал,,,,,,,,,ADV,нукӏвал,Adverb_no_class
двести,чӏебешенугу,,,,,,,,,NUM,,
девяносто,гьочӏоцӏолгу,,,,,,,,,NUM,,
дело,хӏалтӏи,"б, б",хӏалтӏил,хӏалтӏиллӏи,хӏалтӏилилӏи,,,,,N,,
добыча,давла,"б, б",давлал,давлаллӏи,давлалилӏи,,,,,N,,
драка,вагьой,"р, р",вагьорил,,,,йагьой,,,N,,
душа,гьухьал; хӏухьал,"б, б",гьухьалол,гьухьалулӏи,гьухьалалӏи,,,,,N,,
дыня,пастӏан,"б, б",пастӏамил,пастӏанулӏи,пастӏамалӏи,,,,,N,,
дырявый,багимаша,,,,,,,,,ADJ,багимаша,Adjective_no_class
дьявол,шайтӏан,"б, й",шайтӏамил,шайтӏанулӏи,шайтӏамалӏи,,,,,N,,
жаловаться,арзи джидери,,,,,,,арзи джеди,арзи джеди,V,,
жадничать,къиннери,,,,,,,къинни,къинниб,V,къиннери<V>:къинн[thematic-i],Verb
жажда,гьонкъо,"б, б",гьонкъол,гьонкъолӏи,гьонкъолилӏи,,,,,N,,
жалоба,арзи,"б, б",арзил,арзиллӏи,арзилилӏи,,,,,N,,
жвачка,пирцӏцӏи,"б, б",пирцӏцӏил,пирцӏцӏилӏи,пирцӏцӏилилӏи,,,,,N,,
жизнь,умуру,"б, б",умурдул,умуруллӏи,умурдалӏи,,,,,N,,
жребий,мужру,"б, б",мужродул,мужрулӏи,мужродалӏи,,,,,ADJ,мужру,Adjective_no_class
забота,тӏалаб,"б, б",тӏалабил,тӏалабулӏи,тӏалабалӏи,,,,,N,,
затылок,херто,"б, б",хертол,хертолулӏи,хертолалӏи,,,,,N,,
здешний,гьолъусси,,,,,,,,,ADJ,гьолъусси,Adjective_no_class
зимой,кьина,,,,,,,,,ADV,кьина,Adverb_no_class
знакомство,цӏиннигьаъор,,цӏиннигьаъобул,,,,,,,N,,
знание,лъай,"р, р",лъайил,лъайиллӏи,лъайилилӏи,,,,,N,,
зоб,зоб,"б, б",зобил,зобиллӏи,зобилилӏи,,,,,N,,
испорченный,бичӏоб,,,,,,ричӏоб,,,ADJ,бичӏоб:чӏоб[b],Adjective_class_prefix_i_u
какой,илӏисси,,,,,,,,,ADJ,илӏисси,Adjective_no_class
канатоходец,палгьан,"в, в",палгьамадул,палгьаншув,палгьамадав,,,,,N,,
карандаш,къалам,"б, б",къаламил,къаламулӏи,къаламалӏи,,,,,N,,
катушка,чарххи,"р, р",чарххил,чарххиллӏи,чарххилилӏи,,,,,N,,
качели,гьишкӏи,"б, б",гьишкӏил,гьишкӏиллӏи,гьишкӏилилӏи,,,,,N,,
кашель,ухӏул,"б, б",ухӏулол,ухӏулулӏи,ухӏулалӏи,,,,,N,,
керосин,набти,"б, б",набтил,набтиллӏи,набтилилӏи,,,,,N,,
кладбище,шулибол,б,,,шулибалӏи,,,,,N,,
клей,сино,"р, р",синол,синоллӏи,синолилӏи,,,,,N,,
когда,инна,,,,,,,,,ADV,инна,Adverb_no_class
конец,ахир,,,,,,,,,N,,
конечно,гьайгьай,,,,,,,,,ADV,гьайгьай,Adverb_no_class
конопля,кинлӏишен,"р, р",кинлӏишемил,кинлӏишенлӏи,кинлӏишемалӏи,,,,,N,,
корь,хъиру,"б, б",хъиродул,хъиродолӏи,хъиродалӏи,,,,,N,,
косой,къалчӏар,,,,,,,,,ADJ,къалчӏар,Adjective_no_class
красить,бушери,,,,,,,бушо,бушо,V,"бушери<V>:буш[thematic-i,transitive]",Verb
краснеть,гьиᵸрилъери,,,,,,,гьиᵸрилъи,гьиᵸрилъиб,V,гьиᵸрилъери<V>:гьиᵸрилъ[thematic-i],Verb
краска,лажбар,"б, б",лажбардул,лажбарулӏи,лажбардалӏи,,,,,N,,
кровать,карават,"б, б",караватол,караватиллӏи,караваталӏи,,,,,N,,
крючок,кицӏу,"р, р",кицӏодул,кицӏудолӏи,кицӏодалӏи,,,,,N,,
куда,иба,,,,,,"ийа, иба, ивал, ийал",,,ADV,иба:и :а,Adverb_class_internal(2)
куда-то,ивалъиболо,,,,,,,,,ADV,ивалъиболо,Adverb_no_class
кукла,йошикӏу,"й, й",йошикӏобил,йошикӏоллӏи,йошикӏобалӏи,,,,,N,,
кукушка,гуггу,"б, й",гуггибол,гуггуллӏи,гуггибалӏи,,,,,N,,
куница,саркьу,"б, й",саркьодул,саркьуллӏи,саркьодалӏи,,,,,N,,
лев,гъалбацӏ,"б, й",гъалбацӏол,гъалбацӏулӏи,гъалбацӏалӏи,,,,,N,,
лекарство,дару,"б, б",дарудул,дарудолӏи,дарудалӏи,,,,,N,,
лениться,кӏвахӏаллъери,,,,,,,кӏвахӏаллъи,кӏвахӏаллъиб,V,кӏвахӏаллъери<V>:кӏвахӏаллъ[thematic-i],Verb
лестница,милъур,"б, б",милъурдул,милъурулӏи,милъурдалӏи,,,,,N,,
любовь,рукьи,"б, б",рукьил,рукьиллӏи,рукьилилӏи,,,,,N,,
магнит,макълатӏис,"б, б",макълатӏисол,макълатӏисиллӏи,макълатӏисалӏи,,,,,N,,
материнство,илалъир,"б, б",илалъирол,илалъирлӏи,илалъиралӏи,,,,,N,,
мельник,иходуша,"в, в",иходушул,иходушашуб,иходушулуб,,,,,N,,
метка,анжи,"р, р",анжодул,анжиллӏи,анжодалӏи,,,,,N,,
мечеть,маштику,"б, б",маштикобил,маштикулӏи,маштикобалӏи,,,,,N,,
моросить,лӏоммери,,,,,,,лӏомми,,V,,Verb
молодеть,олохъанлъери,,,,,,,олохъанлъи,олохъанлъиб,V,олохъанлъери<V>:олохъанлъ[thematic-i],Verb
мечта,хийал,"б, б",хийалол,хийалулӏи,хийалалӏи,,,,,N,,
мозг,гьону,"р, р",гьонодул,гьонудолӏи,гьонодалӏи,,,,,N,,
мять,къиннери,,,,,,,къинни,къинно,V,"къиннери<V>:къинн[thematic-i,transitive]",Verb
на,го,,,,,,,,,EXCL,,
наверх,гьиъо,,,,,,,,,ADV,гьиъо,Adverb_no_class
навес,окъу,"б, б",окъудул,окъулӏи,окъудалӏи,,,,,N,,
надоедать,чӏаланну,,,,,,,чӏалан,чӏалам,V,чӏаланну<V>:чӏала[nasal],Verb
навоз,чил,"б, б",чилил,чиллӏи,чилилилӏи,,,,,N,,
назло,тӏулларай,,,,,,,,,ADV,тӏулларай,Adverb_no_class
наказание,тамихӏ,"б, б",тамихӏол,тамихӏиллӏи,тамихӏаллӏи,,,,,N,,
наковальня,лачи,"р, р",лачил,лачиллӏи,лачилилӏи,,,,,N,,
например,масала,,,,,,,,,ADV,масала,Adverb_no_class
наследство,ирси,"б, б",ирсил,ирсиллӏи,ирсилилӏи,,,,,N,,
начало,байбихьи,"б, б",байбихьилал,,,,,,,N,,
несколько,чомло,,,,,,,,,ADV,чомло,Adverb_no_class
нигде,себгулолъуссу,,,,,,,,,ADV,себгулолъуссу,Adverb_no_class
нижний,гьикьуккуси,,,,,,,,,ADJ,гьикьуккуси,Adjective_no_class
никакой,себгулоссу,,,,,,"сергулоссу, севгулоссу, сейгулоссу",,,ADJ,себгулоссу:се :гулоссу,Adjective_class_internal(2)
никто,себгулоссу,,,,,,"сергулоссу, севгулоссу, сейгулоссу",,,ADJ,себгулоссу:се :гулоссу,Adjective_class_internal(2)
обувь,нассил,,нассилол,,,,,,,N,,
оружие,йарагъи,"б, б",йарагъол,йарагъолӏи,йарагъалӏи,,,,,N,,
отказ,инкар,"б, б",инкардул,инкарулӏи,инкардалӏи,,,,,N,,
отсюда,гьонолъукку,,,,,,,,,ADV,гьонолъукку,Adverb_no_class
оттуда,гьондолъукку,,,,,,,,,ADV,гьондолъукку,Adverb_no_class
очередь,очири,"б, б",очиридол,очириллӏи,очиридалӏи,,,,,N,,
ошибка,гъалатӏи,"б, б",гъалатӏол,гъалатӏиллӏи,гъалатӏалӏи,,,,,N,,
павлин,тӏавус,"б, й",тӏавусол,тӏавусолӏи,тӏавусалӏи,,,,,N,,
падаль,балкан,"б, б",балкамил,балканулӏи,балкамалӏи,,,,,N,,
пар,гьал,"б, б",гьалил,гьалуллӏи,гьалилилӏи,,,,,N,,
передний,сседусси,,,,,,,,,ADJ,сседусси,Adjective_no_class
персик,бечӏухаллӏи къурчи,,,,,,,,,N,,
петля,шинкӏи,"б, б",шинкӏилол,шинкӏиллӏи,шинкӏилалӏи,,,,,N,,
печать,мугьуру,"б, б",мугьуродул,мугьурулӏи,мугьуродалӏи,,,,,N,,
письмо,кагъар,"р, р",кагъардул,кагъарулӏи,кагъардалӏи,,,,,N,,
платье,гурдо,"р, р",гурдибол,гурдулӏи,гурдибалӏи,,,,,N,,
поблизости,лӏеру,,,,,,,,,ADV,лӏеру,Adverb_no_class
подарок,сайгъат,"б, б",сайгъатол,сайгъатиллӏи,сайгъаталӏи,,,,,N,,
подвиг,гьунар,"б, б",гьунардул,гьунарулӏи,гьунардалӏи,,,,,N,,
ползать,хъуршунну,,,,,,,хъуршун,хъуршум,V,хъуршунну<V>:хъуршу[nasal],Verb
подозревать,щаккунну,,,,,,,щаккун,щаккум,V,щаккунну<V>:щакку[nasal],Verb
подлый,хӏалихьати,,,,,,,,,ADJ,хӏалихьати,Adjective_no_class
польза,пайда,"б, б",пайдал,пайдаллӏи,пайдалилӏи,,,,,N,,
понос,риххил,"р, р",риххилол,риххиллӏи,риххилалӏи,,,,,N,,
порода,тайпа,"б, б",тайпал,тайпаллӏи,тайпалилӏи,,,,,N,,
потом,онщило,,,,,,,,,ADV,онщило,Adverb_no_class
походка,релӏлӏир,,,,,,,,,N,,
право,ихтийар,"б, б",ихтийарол,ихтийарлӏи,ихтийаралӏи,,,,,N,,
приказ,амру,"б, б",амродул,амруллӏи,амродалӏи,,,,,N,,
причина,багьанна,"б, б",багьаннобил,багьанналлӏи,багьаннобалӏи,,,,,N,,
прут,цӏул,"р, р",цӏулибол,цӏулоллӏи,цӏулибалӏи,,,,,N,,
прут,жала,"р, р",жалибол,жалулӏи,жалибалӏи,,,,,N,,
пуля,гулла,"б, б",гуллил,гуллаллӏи,гуллалилӏи,,,,,N,,
пух,назбар,"б, б",назбардул,назбарулӏи,назбардалӏи,,,,,N,,
пятница,рузман,,,,,,,,,N,,
разводиться,биххери,,,,,,"вуххий, йиххий",вуххи,воххиб,V,биххери<V>:хх[thematic-i],Verb_class_prefix_i_o
рабочий,гьалтӏухъан,"в, в",гьалтӏухъамадул,гьалтӏухъаншув,гьалтӏухъамадав,,,,,N,,
рабочая,гьалтӏухъан,"й, й",гьалтӏухъамадул,гьалтӏухъанлӏи,гьалтӏухъамадалӏи,,,,,N,,
радость,роххел,"р, р",роххелол,роххелулӏи,роххелалӏи,,,,,N,,
ранить,къиройдери,,,,,,,къиройди,къиройдо,V,"къиройдери<V>:къиройд[thematic-i,transitive]",Verb
рано,беркъа,,,,,,,,,ADV,беркъа,Adverb_no_class
редко,нагвагьи,,,,,,,,,ADV,нагвагьи,Adverb_no_class
речь,реддон,"р, р",реддомил,реддонулӏи,реддомалӏи,,,,,N,,
рис,пулав,"б, б",пулавол,пулавлӏи,пулавулӏи,,,,,N,,
родина,ватӏан,"б, б",ватӏамил,ватӏанулӏи,ватӏамалӏи,,,,,N,,
родители,илаъима,р,,илаъималлӏи,,,,,,N,,
рубль,сом,"б, б",сомил,,,,,,,N,,
ручка,кверччин,"б, б",кверччимол,кверччинулӏи,кверччималӏи,,,,,N,,
ряд,михъур,"б, б",михъурдул,михъурулӏи,михъурдалӏи,,,,,N,,
сажа,лали,"б, б",лалил,лалиллӏи,лалилилӏи,,,,,N,,
сам,живгу,,,,,,"живгу, жийгу, жибгу, живулгу, жийилгу, жибулгу",,,ADJ,жибгу:жи :гу,Adjective_class_internal(2)
свобода,элолъир,"б, б",элолъирол,элолъирлӏи,элолъиралӏи,,,,,N,,
свободный,элолъир,,,,,,,,,ADJ,элолъир,Adjective_no_class
семьдесят,гьокьуцӏолгу,,,,,,,,,NUM,,
семьсот,гьокьубешенугу,,,,,,,,,NUM,,
сера,чӏабатӏи,"б, б",чӏабатӏол,чӏабатӏулӏи,чӏабатӏулӏол,,,,,N,,
сила,къуват,"б, б",къуватол,къуватулӏи,къуваталӏи,,,,,N,,
скандал,питна,"р, р",питнал,питналлӏи,питналилӏи,,,,,N,,
сковорода,зайдан,"р, р",зайдамил,зайданулӏи,зайдамалӏи,,,,,N,,
сковорода,гел,"б, б",гелил,гелулӏи,гелилилӏи,,,,,N,,
сколько,чӏомгъи,,,,,,,,,ADV,чӏомгъи,Adverb_no_class
сколько,илъагъи,,,,,,,,,ADV,илъагъи,Adverb_no_class
сколько,илъалгъи,,,,,,,,,ADV,илъалгъи,Adverb_no_class
сколько угодно,чӏобъасси,,,,,,,,,ADV,чӏобъасси,Adverb_no_class
сколько угодно,ибъасси,,,,,,,,,ADV,ибъасси,Adverb_no_class
скорпион,гьочӏо-ричӏин,"б, й",гьочӏо-ричӏимол,гьочӏо-ричӏинулӏи,гьочӏо-ричӏималӏи,,,,,N,,
скрип,къирри,"б, б",къиррилал,къирриллӏи,къиррилалӏи,,,,,N,,
скупой,къинниб,,,,,,,,,ADJ,къинниб[b],Adjective_no_class
слабый,загӏип,,,,,,,,,ADJ,загӏип,Adjective_no_class
слой,кьал,"б, б",кьалил,кьалуллӏи,кьалилилӏи,,,,,N,,
слон,пил,"б, й",пилил,пилуллӏи,пилилилӏи,,,,,N,,
смерть,ричӏор,"р, р",ричӏорол,ричӏоролӏи,ричӏоралӏи,,,,,N,,
смех,релъи,"б, б",релъил,релъиллӏи,релъилилӏи,,,,,N,,
сморкаться,лъуннери,,,,,,,лъунни,лъунно,V,"лъуннери<V>:лъунн[thematic-i,transitive]",Verb
совет,акълу,"р, р",акълодул,акълуллӏи,акълодалӏи,,,,,N,,
сомнение,щакилъир,"б, б",щакилъирол,щакилъирлӏи,щакилъиралӏи,,,,,N,,
сон,мокьи,"р, р",мокьалол,мокьиллӏи,мокьалалӏи,,,,,N,,
ссориться,бихонну,,,,,,"вохонну, йохонну, вухонну, йихонну",вохон,вохом,V,бихонну<V>:хо[nasal],Verb_class_prefix_i_o
спасибо,баркала,,,,,,,,,EXCL,,
спичка,къали,"б, б",къалил,къалиллӏи,къалилилӏи,,,,,N,,
спор,даъба,"б, б",даъбал,даъбалӏи,даъбалилӏи,,,,,N,,
спорить,къеценхъвери,,,,,,,къеценхъу,къеценхъуб,V,къеценхъвери<V>:къеценхъв[thematic-u],Verb
стадо,реда,"р, р",редал,редалӏи,редалилӏи,,,,,N,,
старость,рохорлъир,"б, б",рохороллъир,рохорлъирлӏи,рохороллъирлӏи,,,,,N,,
столько,ибъало,,,,,,,,,ADV,ибъало,Adverb_no_class
стонать,зигардери,,,,,,,зигарди,зигардиб,V,зигардери<V>:зигард[thematic-i],Verb
сторона,исиб,"б, б",исибол,исиблӏи,исибалӏи,,,,,N,,
странный,тамаша,,,,,,,,,ADJ,тамаша,Adjective_no_class
суббота,щамати,"р, р",щаматол,щаматилӏи,щаматалӏи,,,,,N,,
сукно,ххам,"б, б",ххамил,ххамлӏи,ххамилилӏи,,,,,N,,
сутки,релъозубу,"р, р",релъозубодул,релъозубулӏи,релъозубодалӏи,,,,,N,,
сюда,гьобаро,,,,,,"гьойаро, гьоваро",,,ADV,гьобаро:гьо :аро,Adverb_class_internal(2)
табак,тамако,"б, б",тамакол,тамаколӏи,тамакобалӏи,,,,,N,,
таз,тӏасси,"б, б",тӏассил,тӏассиллӏи,тӏассилилӏи,,,,,N,,
так,гьонокьей,,,,,,,,,ADV,гьонокьей,Adverb_no_class
такой,гьенебдий,,,,,,,,,ADJ,гьенебдий,Adjective_no_class
творог,исо,"р, р",исобил,исолӏи,исобалӏи,,,,,N,,
терпение,сабру,"б, б",сабродул,сабрулӏи,сабродалӏи,,,,,N,,
толпа,алам,б,,аламулӏи,,,,,,N,,
толпа,гӏалам,б,,гӏаламулӏи,,,,,,N,,
труба,мащу,"б, б",мащодул,мащодолӏи,мащодалӏи,,,,,N,,
трус,ццуццул,,,,,,,,,N,,
туда,гьудуба,,,,,,"гьудуйа, гьудува, гьудувал, гьудуйал",,,ADV,гьудуба:гьуду :а,Adverb_class_internal(2)
удивительный,тамаша,,,,,,,,,ADJ,тамаша,Adjective_no_class
урчание,къуркъудир,,,,,,,,,N,,
утренний,охходоросси,,,,,,,,,ADJ,охходоросси,Adjective_no_class
утром,охходоро,,,,,,,,,ADV,охходоро,Adverb_no_class
фасоль,гьоли,"р, р",гьолил,гьолиллӏи,гьолилилӏи,,,,,N,,
финик,чамасаги,"б, б",чамасагол,чамасагиллӏи,чамасагалӏи,,,,,N,,
ходить,белӏери,,,,,,"велӏи, йелӏи, белӏи",велӏи,велӏиб,V,белӏери<V>:елӏ[thematic-i],Verb_class_prefix
фитиль,чалу,"р, р",чалодул,чалулӏи,чалодалӏи,,,,,N,,
халва,хӏавла,б,,хӏавлаллӏи,,,,,,N,,
хлопок,пампа,,,,,,,,,N,,
хозяйство,магӏишати,б,,магӏишатиллӏи,,,,,,N,,
цемент,ссимити,"б, б",ссимитол,ссимитулӏи,ссимиталӏи,,,,,N,,
червяк,щирщил,"б, й",щирщилол,щирщилулӏи,щирщилалӏи,,,,,N,,
чернеть,бечӏедирлъери,,,,,,"вечӏедирлъи, йечӏедирлъи, бечӏедирлъи, бечӏедироллъи, вечӏедироллъи, йечӏедироллъи",вечӏедирлъи,вечӏедирлъиб,V,бечӏедирлъери<V>:ечӏедирлъ[thematic-i],Verb_class_prefix
черепаха,цӏилли къурру,,,,,,,,,N,,
чернила,щакъи,"б, б",щакъил,щакъиллӏи,щакъилилӏи,,,,,N,,
честь,йахӏ,б,,йахӏиллӏи,,,,,,N,,
четвертый,боъолдеб,,боъолдебул,,,,,,,NUM,,
четки,ссайлат,"р, р",ссайлатол,ссайлатиллӏи,ссайлаталӏи,,,,,N,,
чугун,хъазан,,,хъазанулӏи,,,,,,N,,
шакал,ангурбоцӏо,"б, й",ангурбоцӏол,ангурулӏи,ангурдалӏи,,,,,N,,
шалаш,чалахъи,"б, б",чалахъол,чалахъулӏи,чалахъалӏол,,,,,N,,
шариат,шаръи,б,,шаръиллӏи,,,,,,N,,
шевелиться,бергъери,,,,,,"йергъери, вергъерил",вергъа,вергъаб,V,бергъери<V>:ергъ[thematic-a],Verb_class_prefix
шелк,чиллай,б,,чиллайлӏи,,,,,,N,,
шорох,ширшири,б,,,,,,,,N,,
шум,хъуй,"б, б",хъуйил,хъуйлӏи,,,,,,N,,
щипать,цӏцӏиммери,,,,,,,цӏцӏимми,цӏцӏиммо,V,"цӏцӏиммери<V>:цӏцӏимм[thematic-i,transitive]",Verb
щедрый,йахӏилжа,,,,,,,,,ADJ,йахӏилжа,Adjective_no_class
этаж,ала,б,,алаллӏи,,,,,,N,,
этаж,хъала,б,,хъалаллӏи,,,,,,N,,
блеять,гъаргъадери,,,,,,,гъаргъади,гъаргъадиб,V,гъаргъадери<V>:гъаргъад[thematic-i],Verb
ясный,рахоб,,,,,,,,,ADJ,рахоб[b],Adjective_no_class
барсук,гьочӏомусси,"б, й","гьочӏомуссил, гьочӏомуссол",гьочӏомуссиллӏи,гьочӏомуссалӏол,,,,,N,,
белка,соригьинкӏкӏу,"б, й",соригьинкӏкӏвол,соригьинкӏкӏолӏи,соригьинкӏкӏваллӏол,,,,,N,,
блеять,багӏадери,,,,,,,багӏади,багӏадиб,V,багӏадери<V>:багӏад[thematic-i],Verb
богатый,буртӏа,,,,,,,,,ADJ,буртӏа,Adjective_no_class
болото,лъуцӏцӏи,"б, б",лъуцӏцӏил,лъуцӏцӏилӏи,лъуцӏцӏилилӏи,,,,,N,,
больной,рукъудосси,,,"рукъудоссишур, рукъудоссилӏи",,,,,,ADJ,рукъудосси,Adjective_no_class
вешать,гелоллу,,,,,,,гелолъи,гелолло,V,гелоллу<V>:гел[causative],Verb
бояться,сирери,,,,,,,сири,сириб,V,сирери<V>:сир[thematic-i],Verb
вино,вино,б,,виноллӏи,,,,,,N,,
враг,тушман,"в, в","тушманол, тушманадул",тушманшур,,,,,,N,,
гаснуть,бичӏери,,,,,,"бичӏо, ричӏо",бичӏо,ричӏоб,V,бичӏери<V>:чӏ[thematic-o],Verb_class_prefix_i_o
всхлипывать,лълъимкъишери,,,,,,,лълъимкъишо,лълъимкъишоб,V,лълъимкъишери<V>:лълъимкъиш[thematic-o],Verb
гнуть,чӏаболлу,,,,,,,чӏаболъи,чӏаболло,V,чӏаболлу<V>:чӏаб[causative],Verb
враг,тушман,"й, й","тушманол, тушманадул","тушманлӏи, тушманулӏи",,,,,,N,,
говорить,беддонну,,,,,,"веддон, йеддон, веддонил",веддон,веддом,V,беддонну<V>:еддо[nasal],Verb_class_prefix
говорить,рулӏери,,,,,,,рулӏи,рулӏо,V,"рулӏери<V>:рулӏ[thematic-i,transitive]",Verb
горячий,бекӏкӏуб,,,,,,рекӏкӏуб,,,ADJ,бекӏкӏуб:екӏкӏуб[b],Adjective_class_prefix
гумно,гьинцӏцӏу,б,,гьинцӏцӏулӏи,,,,,,N,,
гусь,хъази,"б, й",хъазол,хъазолӏи,хъазалӏи,,,,,N,,
два,чӏегу,,,,,,,,,NUM,,
двадцать,чӏецӏолгу,,,,,,,,,NUM,,
девять,гьочӏогу,,,,,,,,,NUM,,
держать,биччери,,,,,,"биччи, риччи",биччи,биччо,V,"биччери<V>:чч[thematic-i,transitive]",Verb_class_prefix_i_o
деньги,орси,б,,орсилӏи,,,,,,N,,
десять,гьоцӏогу,,,,,,,,,NUM,,
дрова,лъуди,"б, б",лъудол,лъудиллӏи,лъудалӏи,,,,,N,,
жарить,бежери,,,,,,"бежо, режо",бежа,бежо,V,"бежери<V>:еж[thematic-a,transitive]",Verb_class_prefix
друг,гьомологъи,"в, в",гьомологъадул,гьомологъишур,гьомологъадар,,,,,N,,
подруга,гьомологъи,"й, й",гьомологъадул,гьомологъиллӏи,гьомологъадалӏи,,,,,N,,
живой,чӏаго,,,,,,,,,ADJ,чӏаго,Adjective_no_class
зевать,гьаъакьери,,,,,,,гьаъакьо,гьаъакьиб,V,,Verb
замок,рекӏулол,р,,,рекӏулалӏи,,,,,N,,
зять,нусо,"в, в",нусобдул,нусошув,нусобдавул,,,,,N,,
камыш,цӏцӏума,б,,цӏцӏумалӏи,,,,,,N,,
качаться,гьанкӏери,,,,,,,гьанкӏишо,гьанкӏишоб,V,гьанкӏери<V>:гьанкӏ[thematic-o],Verb
кипятить,оххонну,,,,,,,оххонлъи,оххонно,V,"оххонну<V>:охх[nasal,causative]",Verb
карман,кисав,"б, б",кисавол,кисавлӏи,кисавалӏи,,,,,N,,
кишка,рудил,"б, б",рудилол,рудилулӏи,рудилалӏи,,,,,N,,
класть,бикӏоллу,,,,,,"бикӏолъи, рикӏолъи, вукӏолъи, йикӏолъи, бокӏолъи, рокӏолъи, вокӏолъи, йокӏолъи",бикӏолъи,бикӏолло,V,бикӏоллу<V>:кӏ[causative],Verb_class_prefix_i_o
кожа,хъал,б,хъалил,хъалуллӏи,хъалилилӏи,,,,,N,,
колыбель,кини,"б, б",кимил,киниллӏи,кимилилӏи,,,,,N,,
колючка,цӏцӏана,"р, р",цӏцӏанибол,цӏцӏанолӏи,цӏцӏанибалӏи,,,,,N,,
петь,къорери,,,,,,,къори,къоро,V,"къорери<V>:къор[thematic-i,transitive]",Verb
позвать,къорери,,,,,,,къори,къоро,V,"къорери<V>:къор[thematic-i,transitive]",Verb
позвонить,къорери,,,,,,,къори,къоро,V,"къорери<V>:къор[thematic-i,transitive]",Verb
лить,тӏиннери,,,,,,,тӏинни,тӏинно,V,"тӏиннери<V>:тӏинн[thematic-i,transitive]",Verb
курдюк,бехумугъул,б,бехумугъулол,бехумугъуллӏи,бехумугъулалӏол,,,,,N,,
ласточка,гьицӏичол,"б, й",гьицӏичолол,гьицӏичолалӏи,гьицӏичолалӏол,,,,,N,кӏвагьал,Adjective_no_class
ленивый,кӏвагьал,,,,,,,,,ADJ,,
мочь,бажаруноллу,,,,,,,бажарунолъи,бажарунолло,V,бажаруноллу<V>:бажарун[causative],Verb
ловить,биччери,,,,,,"биччери, йиччери",биччи,биччо,V,"биччери<V>:чч[thematic-i,transitive]",Verb_class_prefix_i_o
мозоль,пули,"б, б",пулил,пулиллӏи,пулилилӏи,,,,,N,,
мы,ищил,,,,,,,,,PRON,,
мы,илӏил,,,,,,,,,PRON,,
мяч,торъо,"б, б",торъол,торъоллӏи,торъолилӏи,,,,,N,,
нет,ссу,,,,,,,,,EXCL,,
один,себ,,,,,,,,,NUM,,
останавливаться,вугъери,,,,,,,вугъи,вугъиб,V,вугъери<V>:вугъ[thematic-i],Verb
острый,бар,,,,,,,,,ADJ,бар,Adjective_no_class
пастбище,алахи,"б, б",алахол,алахиллӏи,алахалӏи,алахил.ъо,,,,N,,
пепел,кье,"б, б",кьелил,кьелӏи,кьелилилӏи,,,,,N,,
первый,эсседусси,,,,,,,,,ADJ,эсседусси,Adjective_no_class
пищевод,ццула,"б, б",ццулол,,,,,,,N,,
плохой,тӏулу,,,,,,,,,ADJ,тӏулу,Adjective_no_class
плуг,кутум,"б, б",кутумол,кутумулӏи,кутумалӏи,,,,,N,,
просыпаться,бичӏчӏери,,,,,,"йичӏчӏиде, бичӏчӏиде, вачӏчӏилде, йачӏчӏилде, бачӏчӏилде",вучӏчӏи,вучӏчӏиб,V,вучӏчӏери<V>:вучӏчӏ[thematic-i],Verb
просить,ходери,,,,,,,ходи,ходо,V,"ходери<V>:ход[thematic-i,transitive]",Verb
позавчера,сунассиб,,,,,,,,,ADV,сунассиб,Adverb_no_class
постель,бешен,"б, б",бешемил,бешенлӏи,бешемалӏи,,,,,N,,
рваться,таннери,,,,,,,танни,танниб,V,таннери<V>:танн[thematic-i],Verb
рвать,танноллу,,,,,,,таннолъи,таннолло,V,танноллу<V>:танн[causative],Verb
пять,иᵸшдугу,,,,,,,,,NUM,,
ребенок,мочӏи,"в, в",мочӏил,мочӏишуб,мочӏилурул,,,,,N,,
ребенок,мочӏи,"й, й",мочӏил,мочӏиллӏи,мочӏилилӏол,,,,,N,,
ребро,исибулӏи рохъи,"б, б",рохъол,рохъиллӏи,рохъилалӏи,,,,,N,,
ремень,рокьучул,"р, р",рокьучулол,рокьучулулӏи,рокьучулалӏи,,,,,N,,
свекровь,илакьору,"й, й",илакьордобил,илакьорулӏи,илакьордобалӏи,,,,,N,,
свет,кванорлъир,"р, р",кванорлъирол,кванорлъирлӏи,кванорлъиралӏи,,,,,N,,
свидетель,анччиб,"в, в",анччибадул,анччибшув,анччибадалув,,,,,N,,
свидетельница,анччиб,"й, й",анччибадул,анччиблӏи,анччибулилӏи,,,,,N,,
седло,кьеркьил,"р, р",кьеркьилол,кьеркьилулӏи,кьеркьилалӏи,,,,,N,,
сеновал,бегъва,"б, б",бегъвадул,бегъулӏи,бегъвадалӏи,,,,,N,,
серый,хъвейи,,,,,,,,,ADJ,хъвейи,Adjective_no_class
скала,кьури,"б, б",кьурибол,кьуриллӏи,кьурибалӏи,,,,,N,,
след,лъол,"р, р; б, б",лъолибол,лъолулӏи,лъолибалӏи,,,,,N,,
созревать,биъунну,,,,,,вуъинну,биъун,вуъум,V,биъунну<V>:ъу[nasal],Verb_class_prefix_i_o
слеза,моъо,"б, б",моъол,моъолӏи,моъолилӏи,,,,,N,,
сова,бугьу,"б, й",,,,,,,,N,,
солод,инни,р,,инниллӏи,,,,,,N,,
спрашивать,рацӏцӏинну,,,,,,,рацӏцӏин,рацӏцӏон,V,"рацӏцӏинну<V>:рацӏцӏи[nasal,transitive]",Verb
тереть,чӏчӏанну,,,,,,,чӏчӏан,чӏчӏанно,V,,Verb
сыпать,чаболлу,,,,,,,чаболъи,чаболло,V,чаболлу<V>:чаб[causative],Verb
темный,ботӏи,,,,,,,,,ADJ,ботӏи,Adjective_no_class
три,лъобгу,,,,,,,,,NUM,,
тридцать,лъобцӏогу,,,,,,,,,NUM,,
труп,джаназа,"б, б",джаназобил,джаназулӏи,джаназобалӏи,,,,,N,,
уксус,къанцӏи,б,,къанцӏилӏи,,,,,,N,,
улыбаться,ккиммери,,,,,,,ккимми,ккиммиб,V,ккиммери<V>:ккимм[thematic-i],Verb
улей,кону,,,,,,,,,N,,
улитка,щонкӏур,"б, й",щонкӏурдул,щонкӏурулӏи,щонкӏурдалӏи,,,,,N,,
умный,цӏцӏудур,,,,,,,,,ADJ,цӏцӏудур,Adjective_no_class
храпеть,хоммери,,,,,,,хомми,хоммо,V,"хоммери<V>:хомм[thematic-i,transitive]",Verb
ущелье,рекӏкӏа,"б, б",рекӏкӏадул,рекӏкӏулӏи,рекӏкӏадалӏи,,,,,N,,
хороший,шуб,,,,,,"шув, шур, шуй, шубул, шурил, шуйил, шувул",,,ADJ,шуб:шу,Adjective_class_suffix
час,саъати,"р, р; б, б",саъатобил,саъатулӏи,саъатобалӏи,,,,,N,,
часто,бигьу,,,,,,"бигьу, ригьу, йигьу, вугьу",,,ADV,бигьу:гьу,Adverb_class_prefix_i_u
червь,жолка,"б, й",жолкол,жолкалӏи,жолкалилӏи,,,,,N,,
черемша,хӏанку,"б, б",хӏанкулол,хӏанкулӏи,хӏанкулолилӏи,,,,,N,,
чистить,бецӏцӏомийдери,,,,,,,бецӏцӏомийди,бецӏцӏомийдо,V,"бецӏцӏомийдери<V>:бецӏцӏомийд[thematic-i,transitive]",Verb
шапка,авъара,"б, б",авъардул,авъарулӏи,авъардалӏи,,,,,N,,
шесть,ойлӏигу,,,,,,,,,NUM,,
ягненок,бура,"б, й",бурдил,бурулӏи,бурдилӏи,,,,,N,,
болеть,рукъвери,,,,,,,рукъу,рукъуб,V,рукъвери<V>:рукъв[thematic-u],Verb
яд,загьру,"б, б",загьродул,загьрулӏи,загьродалӏи,,,,,N,,
абрикос,къурчи,"б, б",къурчил,къурчиллӏи,къурчилилӏи,,,,,N,,
бедро,ахъу,"б, б",ахъобил,ахъулолӏи,ахъулолӏи,,,,,N,,
варить,билъонну,,,,,,"билъонну, рилъонну, волъонну, болъонний",билъон,билъон,V,"билъонну<V>:билъо[nasal,transitive]",Verb_class_prefix_i_o
брать,бихери,,,,,,"рихи, бихи, бохи",бихи,бихо,V,"бихери<V>:х[thematic-i,transitive]",Verb_class_prefix_i_o
покупать,бихери,,,,,,"рихи, бихи, бохи",бихи,бихо,V,"бихери<V>:х[thematic-i,transitive]",Verb_class_prefix_i_o
брить,ханнери,,,,,,,ханни,ханно,V,"ханнери<V>:ханн[thematic-i,transitive]",Verb
вянуть,бечӏанну,,,,,,речӏанну,бечӏанни,бечӏам,V,бечӏанну<V>:ечӏа[nasal],Verb_class_prefix
верить,бужери,,,,,,"бужу, ружу",бужу,бужуб,V,бужери<V>:уж[thematic-u],Verb_class_prefix
видеть,гьаъери,,,,,,,гьаъо,гьаъоб,V,гьаъери<V>:гьаъ[thematic-o],Verb
ветка,анга,"р, р",ангибол,ангулӏи,ангибалӏи,,,,,N,,
давать,иччери,,,,,,,иччи,иччо,V,"иччери<V>:ичч[thematic-i,transitive]",Verb
глухой,гоъи,,,,,,,,,ADJ,гоъи,Adjective_no_class
голенище,ссакур,"б, б",ссакурдул,ссакурулӏи,ссакурдалӏи,,,,,N,,
детеныш,боши,"б, й",бошул,бошулилӏи,бошулилӏи,,,,,N,,
доить,берчӏери,,,,,,"йерчӏери , берчӏери",берчӏи,берчӏо,V,"берчӏери<V>:ерчӏ[thematic-i,transitive]",Verb_class_prefix
есть,биконну,,,,,,"йикон, йокон, вукон, вокон, бикон",вукон,вуком,V,биконну<V>:ко[nasal],Verb_class_prefix_i_o
есть,кӏаммери,,,,,,,кӏамми,кӏаммо,V,"кӏаммери<V>:кӏамм[thematic-i,transitive]",Verb
жать,роквери,,,,,,,роко,роко,V,"роквери<V>:рокв[thematic-i,transitive]",Verb
желудок,ихоб,"р, р",ихобил,ихобулӏи,ихобалӏи,,,,,N,,
жеребенок,тай,"б, й",тайил,тайолӏи,тайилилӏи,,,,,N,,
жир,соси,"р, р",сосол,сосиллӏи,сосолилӏи,,,,,N,,
жир,лӏурлӏа,"р, р",лӏурлӏол,лӏурлӏолӏи,лӏурлӏолилӏи,,,,,N,,
звенеть,звархунну,,,,,,,звархун,звархум,V,звархунну<V>:зварху[nasal],Verb
жужжать,зуннери,,,,,,,зунни,зунниб,V,зуннери<V>:зунн[thematic-i],Verb
закрывать,рокъинну,,,,,,,рокъон,рокъон,V,"рокъинну<V>:рокъ[nasal,transitive,npst-i]",Verb
игла,бежун,"б, б",бежумол,бежунолӏи,бежумалӏи,,,,,N,,
идти,буъинну,,,,,,"вуъон, йиъом, йоъомул, воъомул, буъом",вуъон,вуъом,V,"буъинну<V>:ъ[nasal,npst-i]",Verb_class_prefix_u_a
капать,кӏурдери,,,,,,,кӏурди,кӏурдиб,V,кӏурдери<V>:кӏурд[thematic-i],Verb
идти (об осадках),релӏери,,,,,,,релӏи,релӏиб,V,релӏери<V>:релӏ[thematic-i],Verb
клюв,кӏол,"б, б",кӏолибол,кӏололӏи,кӏолибалӏи,,,,,N,,
кнут,чӏартил,"р, р",чӏартилол,чӏартилулӏи,чӏартилалӏи,,,,,N,,
колос,ора,"б, б",оробил,орулӏи,оробалӏи,,,,,N,,
корень,гьикьим,"б, б",гьикьимол,гьикьимулӏи,гьикьималӏи,,,,,N,,
ломаться,бихъинну,,,,,,вухъинну,бихъин,бихъим,V,бихъинну<V>:хъи[nasal],Verb_class_prefix_i_o
легкое,хунсир,"б, б",хунсидул,хунсирулӏи,хунсидалӏи,,,,,N,,
лист,лъахиб,"р, р",лъахибол,лъахибулӏи,лъахибалӏи,,,,,N,,
лист,ол,"р, р",олил,олуллӏи,олилилӏи,,,,,N,,
мазать,бушери,,,,,,"бушери, рушери",бушо,бушо,V,"бушери<V>:уш[thematic-o,transitive]",Verb_class_prefix
махать,хьваъунну,,,,,,,хьваъун,хьваъон,V,"хьваъунну<V>:хьваъу[nasal,transitive]",Verb
луна,порцӏцӏи,"б, б",порцӏцӏадул,порцӏцӏилӏи,порцӏцӏадалӏи,,,,,N,,
масло,лӏурлӏа,"р, р",лӏурлӏол,лӏурлӏолӏи,лӏурлӏолилӏи,,,,,N,,
мед,гьунцӏцӏи,"р, р",гьунцӏцӏил,гьунцӏцӏилӏи,гьунцӏцӏибалӏи,,,,,N,,
место,миса,"б, б",мисал,мисаллӏи,мисалилӏи,,,,,N,,
молитва,ккубайдир,"р, р",ккуболийдирол,ккубайдирлӏи,ккуболийдирлӏи,,,,,N,,
мотыга,цел,"б, б",целадул,целуллӏи,целадалӏи,,,,,N,,
начинаться,байбихьунну,,,,,,,байбихьун,байбихьон,V,"байбихьунну<V>:байбихьу[nasal,transitive]",Verb
мягкий,лъуна,,,,,,,,,ADJ,лъуна,Adjective_no_class
мякина,никку,"р, р",никкодул,никкулӏи,никкодалӏи,,,,,N,,
наперсток,цӏцӏекӏа,"б, б",цӏцӏекӏалъолол,цӏцӏекӏалӏи,цӏцӏекӏалъолалӏи,,,,,N,,
оставаться,беддери,,,,,,"веддо, йеддо, беддо",беддо,беддо,V,"беддери<V>:едд[thematic-o,transitive]",Verb_class_prefix
нюхать,шаншуннери,,,,,,,шаншунни,шаншунно,V,"шаншуннери<V>:шаншунн[thematic-i,transitive]",Verb
нитка,рекун,"р, р",рекумол,рекунолӏи,рекумалӏи,,,,,N,,
олово,гъалай,б,,гъалайлӏи,,,,,,N,,
открываться,архинну,,,,,,,архон,архон,V,"архинну<V>:арх[nasal,transitive,npst-i]",Verb
понимать,бичӏчӏунну,,,,,,ричӏчӏунну,бичӏчӏун,бичӏчӏум,V,бичӏчӏунну<V>:чӏчӏу[nasal],Verb_class_prefix_i_o
плевать,тудери,,,,,,,туди,тудо,V,"тудери<V>:туд[thematic-i,transitive]",Verb
потолок,эркъал,"б, б",эркъалол,эркъалулӏи,эркъалалӏи,,,,,N,,
приходить,биъери,,,,,,"вуъо, йиъо, воъол, йоъол, биъо",вуъо,вуъоб,V,биъери<V>:ъ[thematic-o],Verb_class_prefix_i_o
прыгать,лъибери,,,,,,,лъиби,лъибиб,V,лъибери<V>:лъиб[thematic-i],Verb
свистеть,щоммери,,,,,,,щомми,щоммо,V,"щоммери<V>:щомм[thematic-i,transitive]",Verb
самец,кунтӏа,"б, й",кунтӏол,кунтӏаллӏи,кунтӏолилӏи,,,,,N,,
слушать,анччери,,,,,,,анччи,анччиб,V,анччери<V>:анчч[thematic-i],Verb
сито,сусукӏу,"р, р",сусукӏобил,сусукӏулӏи,сусукӏобалӏи,,,,,N,,
сновидение,мокьи,"р, р",мокьалол,мокьилӏи,мокьалалӏи,,,,,N,,
сосок,кока,"б, б",кокобил,кокулӏи,кокобалӏи,,,,,N,,
стирать,абчери,,,,,,"авчери, айчери",абчо,абчо,V,"абчери:а :ч[thematic-o,transitive]",Verb_class_internal(2)
убивать,джабери,,,,,,,джаби,джабо,V,"джабери<V>:джаб[thematic-i,transitive]",Verb
соха,ребццу,"р, р",ребццодул,ребццодолӏи,ребццодалӏи,,,,,N,,
сухой,бекъуб,,,,,,рекъуб,,,ADJ,бекъуб:екъуб[b],Adjective_class_prefix
умирать,бичӏери,,,,,,"вучӏо, вочӏой, ричӏой",вучӏо,вучӏоб,V,бичӏери<V>:чӏ[thematic-o],Verb_class_prefix_i_o
убивать,чӏчӏабери,,,,,,,чӏчӏаби,чӏчӏабо,V,"чӏчӏабери<V>:чӏчӏаб[thematic-i,transitive]",Verb
чихать,эбчунну,,,,,,,эбчунни,эбчум,V,эбчунну<V>:эбчу[nasal],Verb
хинкал,хинкӏил,"б, б",хинкӏилол,хинкӏилулӏи,хинкӏилалӏи,,,,,N,,
шипеть,хьавдери,,,,,,,хьавди,хьавдиб,V,хьавдери<V>:хьавд[thematic-i],Verb
шипеть,щоммери,,,,,,,щомми,щоммо,V,"щоммери<V>:щомм[thematic-i,transitive]",Verb
дверь,гьинцӏцӏу,"р, р",гьинцӏцӏобил,гьинцӏцӏулӏи,гьинцӏцӏобалӏи,,,,,N,,
кошка,геду,"б, й",гедобил,гедолӏи,гедобалӏи,,,,,N,,
мужчина,кунтӏа,"в, в",кунтӏобил,кунтӏув,кунтӏобав,,,,,N,,
трава,чӏаха,р,,чӏахалӏи,,,,,,N,,
ангел,малайки,"в, в",малайкол,малайкишуб,малайкалуб,,,,,N,,
диван,диван,"б, б",дивамил,диванулӏи,дивамалӏол,,,,,N,,
жестокий,хъуби,,,,,,,,,ADJ,хъуби,Adjective_no_class
копейка,кепекки,"б, б",кепекол,кепеккулӏи,кепеккалӏи,,,,,N,,
машина,машина,"б, б",машинобил,машинулӏи,машинобалӏи,,,,,N,,
полоскать,чихамшери,,,,,,,чихамшо,чихамшо,V,"чихамшери<V>:чихамш[thematic-i,transitive]",Verb
намаз,ккубайдир,,ккуболийдирол,,,,,,,N,,
пророк,авараг,в,,аварагишуб,,,,,,N,,
цыган,цигван,"в, в",цигвамадул,цигваншур,цигвамадар,,,,,N,,
школа,ушкул,"б, б",ушкулол,ушкулулӏи,ушкулалӏи,,,,,N,,
грузин,гуржи,"в, в",гуржийол,гуржишув,гуржийолув,,,,,N,,
айва,хӏаваъинчи,"б, б",хӏаваъинчил,хӏаваъинчиллӏи,хӏаваъинчилилӏи,,,,,N,,
в ответ на пожелание,амин,,,,,,,,,EXCL,,
амулет,сабаб,"р, р",сабабол,сабабулӏи,сабабалӏи,,,,,N,,
арка,кӏкӏамур,"б, б",кӏкӏамурдул,кӏкӏамурулӏи,кӏкӏамурдалӏи,,,,,N,,
бегом,гьеллиб,,,,,,,,,ADV,гьеллиб,Adverb_no_class
беднеть,бискинлъери,,,,,,,бискинлъи,бискинлъиб,V,бискинлъери<V>:бискинлъ[thematic-i],Verb
беда,къинтӏилъир,"р, р",къинтӏилъирол,къинтӏилъирлӏи,къинтӏилъиралӏи,,,,,N,,
бедность,бискинлъир,"р, р; б, б",бискинлъирол,бискинлъирлӏи,бискинлъиролилӏи,,,,,N,,
белить,гьацӏайдери,,,,,,,гьацӏайди,гьацӏайдо,V,"гьацӏайдери<V>:гьацӏайд[thematic-i,transitive]",Verb
берег,рагьал,"б, б",рагьалдул,рагьалулӏи,рагьалдалӏи,,,,,N,,
бороться,гугарунну,,,,,,,гугарун,гугарум,V,гугарунну<V>:гугару[nasal],Verb
боль,рукъур,"б, б",рукъурол,рукъурлӏи,рукъуралӏол,,,,,N,,
бородавка,гьиму,"р, р",гьимодул,гьимулӏи,гьимодалӏи,,,,,N,,
борьба,рахор,б,,рахорлӏи,,,,,,N,,
ботва,маъа,"б, б",маъол,маъулӏи,маъалӏи,,,,,N,,
бочка,шалеги,"б, б",шалегобил,шалегулӏи,шалегобалӏи,,,,,N,,
брак,бертин,"б, б",бертимол,бертинулӏи,бертималӏи,,,,,N,,
бронза,йези,б,,йезилӏи,,,,,,N,,
бубен,джергъин,"б, б",джергъемил,джергъинулӏи,джергъемалӏи,,,,,N,,
бутылка,шиша,"р, р",шишобил,шишулӏи,шишобалӏи,,,,,N,,
быть,бикӏвери,,,,,,,бикӏо,вукӏоб,V,бикӏвери<V>:кӏв[thematic-o],Verb_class_prefix_i_o
в позапрошлом году,ссебо,,,,,,,,,ADV,ссебо,Adverb_no_class
в руках,коду,,,,,,,,,ADV,коду,Adverb_no_class
в этом году,жерешина,,,,,,,,,ADV,жерешина,Adverb_no_class
ведро,челеки,"б, б",челекобил,челекулӏи,челекобалӏи,,,,,N,,
везде,инуккуъимало,,,,,,,,,ADV,инуккуъимало,Adverb_no_class
веселый,рокӏоъило,,,,,,,,,ADJ,рокӏоъило,Adjective_no_class
весы,килол,р,,,килолилӏи,,,,,N,,
ветвь,анга,"р, р",ангибол,ангулӏи,ангибалӏи,,,,,N,,
ветхий,кьира,,,,,,,,,ADJ,кьира,Adjective_no_class
вещь,дан,"б, б",данол,данлӏи,даналлӏи,,,,,N,,
взаймы,налъохъи,,,,,,,,,ADV,налъохъи,Adverb_no_class
взятка,ришвати,б,,ришватиллӏи,,,,,,N,,
вишня,жигижаги,р,,жигижагиллӏи,,,,,,N,,
вкус,тӏагӏам,"б, б",тӏагӏамил,тӏагӏамулӏи,тӏагӏамалӏи,,,,,N,,
внимание,бакки,б,,баккилӏи,,,,,,N,,
воздух,гьава,б,,гьаваллӏи,,,,,,N,,
возраст,ригьи,"б, б",ригьиллӏол,,,,,,,N,,
войлок,гьургу,"б, б",гьоргодул,гьургулӏи,гьоргодалӏи,,,,,N,,
ворчать,гъулгъудери,,,,,,,гъулгъуди,гъулгъудиб,V,гъулгъудери<V>:гъулгъуд[thematic-i],Verb
волдырь,пудил,"б, б",пудилол,пудилулӏи,пудилалӏи,,,,,N,,
воспитание,гӏахълулъай,б,,гӏахълулъайлӏи,,,,,,N,,
восьмой,бейкьилдеб,,,,,,,,,NUM,,
вперед,сседи,,,,,,,,,ADV,сседи,Adverb_no_class
впотьмах,ботӏидохъи,,,,,,,,,ADV,ботӏидохъи,Adverb_no_class
вращаться,ссорери,,,,,,,ссори,ссориб,V,ссорери<V>:ссор[thematic-i],Verb
время,заман,б,,заманлӏи,,,,,,N,,
время,ригьи,б,,ригьиллӏи,,,,,,N,,
вспыльчивый,ххеххи,,,,,,,,,ADJ,ххеххи,Adjective_no_class
вторник,талати,,,,,,,,,N,,
выше,гьиъаъон,,,,,,,,,ADV,гьиъаъон,Adverb_no_class
где-то,инуболо,,,,,,,,,ADV,инуболо,Adverb_no_class
глупеть,абдаллъери,,,,,,,абдаллъи,абдаллъиб,V,абдаллъери<V>:абдаллъ[thematic-i],Verb
глоток,хъунхъу,,,,,,,,,N,,
глубина,удилъир,б,,удилъирлӏи,,,,,,N,,
грабить,бекъашери,,,,,,,бекъаши,бекъашо,V,"бекъашери<V>:бекъаш[thematic-i,transitive]",Verb
готовиться,хӏадурлъери,,,,,,,хӏадурлъи,хӏадурлъиб,V,хӏадурлъери<V>:хӏадурлъ[thematic-i],Verb
голодный,чолтоб,,,,,,,,,ADJ,чолтоб[b],Adjective_no_class
двигаться,хьвадунну,,,,,,,хьвадун,хьвадум,V,хьвадунну<V>:хьваду[nasal],Verb
грипп,гьонхъисси,,,,,,,,,N,,
двигаться,велӏери,,,,,,,велӏо,велӏиб,V,,Verb
делить,чӏерлӏери,,,,,,,чӏерлӏи,чӏерлӏо,V,"чӏерлӏери<V>:чӏерлӏ[thematic-i,transitive]",Verb
девятый,гьочӏолдеб,,,,,,,,,ADJ,гьочӏолдеб[b],Adjective_no_class
действительно,битӏигу,,,,,,"йитӏигу, вутӏигу",,,ADV,битӏигу:тӏигу,Adverb_class_prefix_i_u
дикий,алхулӏи,,,,,,,,,ADJ,алхулӏи,Adjective_no_class
длина,реххула,б,буххулол,,,,"беххула, реххула",,,N,,
добро,рецци,б,,,,,,,,N,,
довольный,рази,,,,,,,,,ADJ,рази,Adjective_no_class
дорожать,хиралъери,,,,,,,хиралъи,,V,,Verb
долгий,беххула,,,,,,"йеххула, беххула, реххула, веххула, веххулол, йеххулол",,,ADJ,беххула:еххула,Adjective_class_prefix
дома,ищу,,,,,иша ишадахъи (все по домам),,,,ADV,ищу,Adverb_no_class
достоверный,кьучӏчӏилойсси,,,,,,,,,ADJ,кьучӏчӏилойсси,Adjective_no_class
дремать,чӏабери,,,,,,,чӏаби,чӏабиб,V,чӏабери<V>:чӏаб[thematic-i],Verb
дракон,аздагьу,"б, й",аздагьобил,аздагьулӏи,аздагьобалӏи,,,,,N,,
древесина,лъуди,"б, б",лъудол,лъудиллӏи,лъудалӏи,,,,,N,,
дробь,чечма,"б, б",чечмал,чечмаллӏи,чечмалилӏи,,,,,N,,
дыхание,шанкьаннир,б,,шанкьаннирлӏи,,,,,,N,,
дыхание,гьухьал; хӏухьал,"б, б",гьухьалол,гьухьалулӏи,гьухьалалӏи,,,,,N,,
дятел,кӏутӏкӏутӏ,"б, й",кӏутӏкӏутӏол,кӏутӏкӏутӏиллӏи,кӏутӏкӏутӏалӏи,,,,,N,,
еда,мугьу,"б, б",мугьодул,мугьулӏи,мугьодалӏи,,,,,N,,
ежедневно,зубулӏи,,,,,,,,,ADV,зубулӏи,Adverb_no_class
еще,гьинджелло,,,,,,,,,ADV,гьинджелло,Adverb_no_class
еще,себгуло,,,,,,,,,ADV,себгуло,Adverb_no_class
желтеть,чаккулъери,,,,,,,чаккулъи,чаккулъиб,V,чаккулъери<V>:чаккулъ[thematic-i],Verb
жало,ъвен,"б, б",ъвенибол,ъвенулӏи,ъвенибалӏи,,,,,N,,
жало,гъвен,"б, б",гъвенибол,гъвенулӏи,гъвенибалӏи,,,,,N,,
желание,муради,"б, б",мурадол,мурадиллӏи,мурадалӏи,,,,,N,,
женский,йошулилӏи,,,,,,,,,ADJ,йошулилӏи,Adjective_no_class
журавль,решинолӏи къурру,,решинолӏи къуррол,решинолӏи къурролӏи,решинолӏи къурралӏи,,,,,N,,
завещание,васийат,"б, б",васийатол,васийатиллӏи,васийаталӏи,,,,,N,,
завидный,севлеху,,,,,,,,,ADJ,севлеху,Adjective_no_class
завтрашний,шеласси,,,,,,,,,ADJ,шеласси,Adjective_no_class
загон,гъадил,"б, б",гъадилол,гъадилулӏи,гъадилолалӏи,,,,,N,,
задача,масъала,"б, б",масъалобил,масъалулӏи,масъалобалӏи,,,,,N,,
засыпать,кьихинну,,,,,,,кьихон,кьихом,V,"кьихинну<V>:кьих[nasal,npst-i]",Verb
защищать,цӏеннери,,,,,,,цӏенни,цӏенно,V,"цӏеннери<V>:цӏенн[thematic-i,transitive]",Verb
запрет,хӏарам,"б, б",хӏарамол,хӏарамулӏи,хӏарамалӏол,,,,,N,,
заявление,арзи,"б, б",арзил,арзиллӏи,арзилилӏи,,,,,N,,
зеленеть,хвечилъери,,,,,,,хвечилъи,хвечилъиб,V,хвечилъери<V>:хвечилъ[thematic-i],Verb
звонок,зарзал,"р, р",зарзалол,зарзалулӏи,зарзалалӏи,,,,,N,,
здоровье,сагъилъир,"б, б",сагъилъирол,сагъилъирлӏи,сагъоллъиралӏи,,,,,N,,
зрение,гьалли,"р, р",гьаллил,гьаллиллӏи,гьаллилилӏи,,,,,N,,
зурна,зумура,"б, б",зумурдул,зумурулӏи,зумурдалӏи,,,,,N,,
игра,гидал,"б, б",гидалол,гидалулӏи,гидалалӏо,,,,,N,,
избалованный,лъака,,,,,,,,,ADJ,лъака,Adjective_no_class
известь,гачи,"б, б",гачил,гачилӏи,гачилилӏи,,,,,N,,
изнутри,гьинукку,,,,,,,,,ADV,гьинукку,Adverb_no_class
изобильный,гьарза,"б, б",гьарзол,гьарзалӏи,гьарзолилӏи,,,,,ADJ,гьарза,Adjective_no_class
изредка,нагвагьи,,,,,,,,,ADV,нагвагьи,Adverb_no_class
изъян,гъайа,,,,,,,,,N,,
или,йа,,,,,,,,,PART,,
имам,дибир,"в, в",дибирадул,дибиршур,дибирадарул,,,,,N,,
индюк,гургул,"б, й",гургулол,гургулулӏи,гургулалӏи,,,,,N,,
истинный,гьакъаб,,,,,,,,,ADJ,гьакъаб[b],Adjective_no_class
каблук,мижа,"б, б",мижалол,мижалулӏи,мижалалӏи,,,,,N,,
казак,хъазахъи,"в, в",хъазахъол,хъазахъишур,хъазахъарул,,,,,N,,
как угодно,чӏорохъи,,,,,,,,,ADV,чӏорохъи,Adverb_no_class
как угодно,чӏобкьо,,,,,,,,,ADV,чӏобкьо,Adverb_no_class
калитка,гъалир,"б, б",гъалирдул,гъалирдолӏи,гъалирдалӏол,,,,,N,,
камедь,сино,"р, р",синол,синолӏи,синолилӏи,,,,,N,,
канава,рохъи,"б, б",рохъадул,рохъиллӏи,рохъадалӏи,,,,,N,,
картофель,картуш,"б, б",картушол,картушулӏи,картушалӏи,,,,,N,,
каша,кощи,"р, р",кощил,кощилӏи,кощилилӏи,,,,,N,,
клевета,бутан,"р, р",бутамил,бутанулӏи,бутамалӏи,,,,,N,,
клейстер,шилиш,"р, р",шилишол,шилишулӏи,шилишалӏи,,,,,N,,
когда-нибудь,инналъиболло,,,,,,,,,ADV,инналъиболло,Adverb_no_class
коридор,калидур,"б, б",калидурол,калидурулӏи,калидуралӏи,,,,,N,,
крепость,хъала,"б, б",хъалибол,хъалаллӏи,хъалибалӏи,,,,,N,,
крошка,чӏичӏихъил,"б, б",чӏичӏихъилол,чӏичӏихъилулӏи,чӏичӏихъилалӏи,,,,,N,,
кружка,гурушка,"б, б",гурушкобил,гурушкулӏи,гурушкобалӏи,,,,,N,,
кудахтать,къудери,,,,,,,къуди,къудиб,V,къудери<V>:къуд[thematic-i],Verb
кто,им,,,,,,,,,PRON,,
куда-нибудь,ивагу вукӏоболло,,,,,,ийагу йикӏоболло,,,ADV,,
кузнец,ихум,"в, в",ихумадул,ихумшур,ихумадарул,,,,,N,,
курить,кьаннери,,,,,,,кьанни,кьанно,V,"кьаннери<V>:кьанн[thematic-i,transitive]",Verb
куча,гъун,"б, б",гъунадул,гъунлӏи,гъунадалӏи,,,,,N,,
левша,кучӏилъасси,,,,,,,,,N,,
лемех,къеб,"б, б",къебадул,къеболӏи,къебадалӏи,,,,,N,,
летом,къина,,,,,,,,,ADV,къина,Adverb_no_class
линия,михъур,"б, б",михъурдул,михъурулӏи,михъурдалӏи,,,,,N,,
лишний,экӏу,,,,,,,,,ADJ,экӏу,Adjective_no_class
лопаться,кьвагьунну,,,,,,,кьвагьун,кьвагьум,V,кьвагьунну<V>:кьвагьу[nasal],Verb
лом,тупанги,,,,,,,,,N,,
лучина,мигу,"б, б",мигодул,мигулӏи,мигодалӏи,,,,,N,,
любимый,ххира,,,,,,,,,ADJ,ххира,Adjective_no_class
любой,бокьараб,,,,,,бокьарай,,,ADJ,бокьараб:бокьара,Adjective_class_suffix
маслобойка,кверу,"б, б",квердобил,квердолӏи,квердобалӏи,,,,,N,,
матрац,бешен,"б, б",бешемил,бешенлӏи,бешемалӏи,бешенъа,,,,N,,
медлительный,илӏохъи,,,,,,,,,ADJ,илӏохъи,Adjective_no_class
метла,лӏарлӏал,"б, б",лӏарлӏалол,лӏарлӏаллӏи,лӏарлӏалалӏи,,,,,N,,
мешочек,таргьа,"б, б",таргьибол,таргьулӏи,таргьибалӏи,,,,,N,,
мигать,къабшунну,,,,,,,къабшун,къабшум,V,къабшунну<V>:къабшу[nasal],Verb
мириться,рокъери,,,,,,,рокъи,рокъиб,V,рокъери<V>:рокъ[thematic-i],Verb
минарет,миъмар,"б, б",миъмарол,миъмарулӏи,миъмаралӏи,,,,,N,,
минута,минута,"б, б",минутол,минутиллӏи,минуталӏи,,,,,N,,
моргать,къабшунну,,,,,,,къабщун,къабшум,V,къабшунну<V>:къабщу[nasal],Verb
морковь,маматӏур,"б, б",маматӏурол,маматӏурулӏи,маматӏуралӏи,,,,,N,,
мочевой пузырь,покъу,"б, б",покъудул,покъудолӏи,покъудалӏи,,,,,N,,
мудрец,цӏудур,,,,,,,,,N,,
мулла,дибир,"в, в",дибирадул,дибиршур,дибирадарул,,,,,N,,
надевать,бикьинну,,,,,,,бикьин,бикьон,V,"бикьинну<V>:бикьи[nasal,transitive]",Verb
мутный,аргъван,,,,,,,,,ADJ,аргъван,Adjective_no_class
мысль,пикру,"б, б",пикродул,пикруллӏи,пикрудалӏи,,,,,N,,
наверху,гьиъа,,,,,,,,,ADV,гьиъа,Adverb_no_class
надежда,хьул,"б, б",хьуладул,,хьуладалӏи,,,,,N,,
напильник,чирон,"б, б",чиромил,чиронлӏи,чиромалӏи,,,,,N,,
напоказ,гьаъери,,,,,,,,,ADV,гьаъери,Adverb_no_class
напрасно,адада,,,,,,,,,ADV,адада,Adverb_no_class
насилие,зулму,"б, б",зулмодул,зулмулӏи,зулмодалӏи,,,,,N,,
настоящий,битӏибиши,,,,,,,,,ADJ,битӏибиши,Adjective_no_class
нетель,чӏора,"б, й",чӏоробил,чӏоролӏи,чӏоробалӏи,,,,,N,,
неужели,гьугъибахъиле,,,,,,,,,EXCL,,
никак,себгуло хъибъа,,,,,,,,,ADV,себгуло хъибъа,Adverb_no_class
никогда,онщигуло,,,,,,,,,ADV,онщигуло,Adverb_no_class
ничего,тӏирилоссу,,,,,,,,,ADV,тӏирилоссу,Adverb_no_class
ничего,себгуло,,,,,,,,,ADV,себгуло,Adverb_no_class
нора,багин,"б, б",багимол,багинулӏи,багималӏи,,,,,N,,
нужда,гьаджатилъир,,,,,,,,,N,,
обезьяна,маймалаки,,,,,,,,,N,,
обжора,кӏункӏул,"в, в",кӏункӏулол,кӏункӏулшур,кӏункӏулолуб,,,,,N,,
огурец,охцер,"б, б",охцердул,охцерулӏи,охцердалӏи,,,,,N,,
ответ,джаваб,"б, б",джавабол,джавабулӏи,джавабалӏи,,,,,N,,
отдельно,батӏа,,,,,,,,,ADV,батӏа,Adverb_no_class
откуда,инуккусси,,,,,,,,,ADV,инуккусси,Adverb_no_class
офицер,апицер,"в, в",апицерадул,апицершур,апицерадар,,,,,N,,
оценка,къиммати,,,,,,,,,N,,
пазуха,инлъир,,,,,,,,,N,,
пальто,палту,"б, б",палтодул,палтудолӏи,палтодалӏи,,,,,N,,
переворачивать,ссороллу,,,,,,,ссоролъи,ссоролло,V,ссороллу<V>:ссор[causative],Verb
папироса,хъалийан,"б, б",хъалийамил,хъалийанулӏи,хъалийамалӏи,,,,,N,,
перец,пурч,б,,пурчилӏи,,,,,,N,,
плавить,буцӏоллу,,,,,,руцӏоллу,буцӏолъи,буцӏолло,V,буцӏоллу<V>:уцӏ[causative],Verb_class_prefix
таять,буцӏоллу,,,,,,руцӏоллу,буцӏолъи,буцӏолло,V,буцӏоллу<V>:уцӏ[causative],Verb_class_prefix
плита,къуну,"р, р",къунибол,къунуллӏи,къунибалӏи,,,,,N,,
плов,пулав,б,,пулавлӏи,,,,,,N,,
плотник,устар,"в, в",устарадул,устаршур,устарадарул,,,,,N,,
по-другому,себлолхъиба,,,,,,,,,ADV,себлолхъиба,Adverb_no_class
подниматься,гьебцӏери,,,,,,"гьейцӏери, гьебцӏери",гьевцӏи,гьевцӏиб,V,гьебцӏери:гье :цӏ[thematic-i],Verb_class_internal(2)
под,гьикьу,,,,,,,,,POST,,
подпруга,къвал,"б, б",къвалил,къвалуллӏи,къвалилилӏи,,,,,N,,
подряд,бехудусседу,,,,,,,,,ADV,бехудусседу,Adverb_no_class
поздно,кватӏунну,,,,,,,,,ADV,кватӏунну,Adverb_no_class
позор,сули,,,,,,,,,N,,
позор,инзил,"б, б",инзилол,инзилулӏи,инзилалӏи,,,,,N,,
полезный,мунпаъати,,,,,,,,,ADJ,мунпаъати,Adjective_no_class
полночь,рокьирелъол,,,,,,,,,ADV,рокьирелъол,Adverb_no_class
полоть,хварери,,,,,,,хвари,хваро,V,"хварери<V>:хвар[thematic-i,transitive]",Verb
полотенце,рокьучул,"р, р",рокьучулол,рокьучулулӏи,рокьучулалӏи,,,,,N,,
помощь,кумеки,"б, б",кумекол,кумекиллӏи,кумекалӏи,,,,,N,,
понедельник,итни зубу,,,,,,,,,N,,
попрошайка,хохол,"в, в",хохоладул,хохолшур,хохоладар,,,,,N,,
попрошайка,хохол,"й, й",хохоладул,хохоллӏи,хохоладалӏи,,,,,N,,
портиться,бичӏери,,,,,,"ричӏой, вучӏо, вочӏой",бичӏо,бичӏоб,V,бичӏери<V>:чӏ[thematic-o],Verb_class_prefix_i_o
портить,бичӏоллу,,,,,,ричӏоллу,бичӏолъи,бичӏолло,V,бичӏоллу<V>:чӏ[causative],Verb_class_prefix_i_o
порох,чӏир,б,,чӏирлӏи,,,,,,N,,
поручение,молъи,"р, р",молъалол,молъиллӏи,молъалалӏи,,,,,N,,
посторонний,гьекӏуб,,,,,,,,,ADJ,гьекӏуб[b],Adjective_no_class
почему,"ил.ъо, иллъий",,,,,,,,,ADV,"ил.ъо, иллъий",Adverb_no_class
почерк,хатӏи,р,,хатӏиллӏи,,,,,,N,,
правитель,хӏаким,"в, в",,,,,,,,N,,
правительство,хӏукумати,"б, б",хӏукуматол,хӏукуматиллӏи,хӏукуматалӏол,,,,,N,,
прежний,нукӏвалсси,,,,,,,,,ADJ,нукӏвалсси,Adjective_no_class
приглашать,къорери вуъон (звать прийти),,,,,,,,,V,,
пригоршня,лъумур,"б, б",лъумурдул,"лъумурлӏи, лъумурулӏи",лъумурдалӏол,,,,,N,,
пример,мисал,б,,мисалалӏи,,,,,,N,,
приоткрывать,бучӏонну,,,,,,ручӏонний,бучӏон,бучӏонно,V,"бучӏонну<V>:бучӏ[nasal,causative]",Verb_class_prefix
природа,тӏабигӏат,,,,,,,,,N,,
прицел,ишан,б,,,,,,,,N,,
проголодаться,чолтери,,,,,,,чолто,чолтоб,V,чолтери<V>:чолт[thematic-o],Verb
проповедь,ваъаза,"б, б",ваъазал,ваъазаллӏи,,,,,,N,,
простор,атӏилъи,,,,,,,,,N,,
пузыриться,пулхунну,,,,,,,пулхун,пулхум,V,пулхунну<V>:пулху[nasal],Verb
прочный,бещийа,,,,,,рещийа,,,ADJ,бещийа:ещийа,Adjective_class_prefix
прошлогодний,собсси,,,,,,,,,ADJ,собсси,Adjective_no_class
пушка,арада,"б, б",арадобил,арадулӏи,арадобалӏи,,,,,N,,
пьянеть,бегулъери,,,,,,вегулъери,вегулъи,вегулъиб,V,бегулъери<V>:егулъ[thematic-i],Verb_class_prefix
пятно,тӏанкил,"б, б",тӏанкилол,тӏанкилулӏи,тӏанкилалӏи,,,,,N,,
пятьсот,иᵸшдубешенегу,,,,,,,,,NUM,,
раз,микъи,,,,,,,,,N,,
разговор,реддон,"р, р",реддомил,реддонулӏи,реддомалӏи,,,,,N,,
размышление,пикру,"б, б",пикродул,пикруллӏи,пикрудалӏи,,,,,N,,
разница,батӏалъир,б,,батӏалъирлӏи,,,,,,N,,
разрешение,изну,б,,,,,,,,N,,
рай,алджан,,,,,,,,,N,,
ранение,къиралъий,,,,,,,,,N,,
рассвет,кванлъир,,,,,,,,,N,,
ревновать,щакери,,,,,,,щаки,щаком,V,,Verb
рассол,цӏонтур,,,,,,,,,N,,
расстояние,манзил,"б, б",манзилол,манзилулӏи,манзилалӏи,,,,,N,,
редкий,мичӏчӏиру,,,,,,,,,ADJ,мичӏчӏиру,Adjective_no_class
результат,хӏассил,"б, б",хӏассилол,хӏассилулӏи,хӏассилалӏи,,,,,N,,
решение,хӏукму,"б, б",хӏукмодул,хӏукмуллӏи,хӏукмодалӏи,,,,,N,,
ржавчина,кьаву,"б, б",кьаводул,кьавулӏи,кьаводалӏи,,,,,N,,
ронять,буколлу,,,,,,"йиколлу, вуколлу, йикӏоллу, вукӏоллу",буколъи,буколло,V,,Verb
рубанок,ссургу,"б, б",ссургодул,ссургулӏи,ссургодалӏи,,,,,N,,
сад,охи,"р, р",охил,охилӏи,охилалӏи,,,,,N,,
сапоги,чакмай,"б, б",чакмайол,чакмайулӏи,чакмайалӏи,,,,,N,,
сбивать,букӏоллу,,,,,,"рукӏолло, вукӏолло, йикӏолло",букӏолъи,букӏолло,V,букӏоллу<V>:кӏ[causative],Verb_class_prefix_u_a
сбор,мишу,б,,,,,,,,N,,
свекла,чӏабкӏулди,"б, б",чӏабкӏулдол,чӏабкӏулдулӏи,чӏабкӏулдалӏи,,,,,N,,
сверху,"гьиъакку, лъобакку",,,,,,,,,ADV,"гьиъакку, лъобакку",Adverb_no_class
седеть,гьацӏалъери,,,,,,,гьацӏалъи,гьацӏалъиб,V,гьацӏалъери<V>:гьацӏалъ[thematic-i],Verb
светать,кванлъери,,,,,,,кванлъи,кванлъиб,V,кванлъери<V>:кванлъ[thematic-i],Verb
сердцевина,рокӏо,"р, р",рокӏол,рокӏоллӏи,рокӏолилӏи,,,,,N,,
складывать,ролъери,,,,,,,ролъо,ролъиб,V,,Verb
складывать,сукӏунну,,,,,,,сукӏон,сукӏон,V,"сукӏунну<V>:сукӏ[nasal,transitive,npst-u]",Verb
скоблить,хъеллери,,,,,,,хъелли,хъелло,V,"хъеллери<V>:хъелл[thematic-i,transitive]",Verb
ситец,чит,р,,читиллӏи,,,,,,N,,
слепнуть,ботӏилъери,,,,,,,ботӏилъи,ботӏилъиб,V,ботӏилъери<V>:ботӏилъ[thematic-i],Verb
скользкий,чӏчӏари,,,,,,,,,ADJ,чӏчӏари,Adjective_no_class
скорлупа,хъал,б,хъалил,хъалуллӏи,хъалилилӏи,,,,,N,,
слишком,бигьу,,,,,,"бигьу, ригьу, йигьу, вугьу",,,ADV,бигьу:гьу,Adverb_class_prefix_i_u
смысл,анччери,,,,,,,анччи,анччиб,V,анччери<V>:анчч[thematic-i],Verb
слушаться,кантӏунери,,,,,,,,,V,,Verb
соболезнование,зигара,б,зигардул,зигаралӏи,зигардалӏи,,,,,N,,
соглашаться,разилъери,,,,,,,разилъи,разилъери вуккуйа,V,,Verb
согласие,разилъир,б,,разилъирлӏи,,,,,,N,,
сода,суда,б,,судаллӏи,судалӏол,,,,,N,,
сорт,тайпа,"б, б",тайпал,тайпаллӏи,тайпалилӏи,,,,,N,,
спешить,ххеххери,,,,,,,ххеххи,ххеххилъиб,V,ххеххери<V>:ххехх[thematic-i],Verb
спешить,эдеъунну,,,,,,,эдеъун,эдеъум,V,эдеъунну<V>:эдеъу[nasal],Verb
состояние,хӏал,б,,,,,,,,N,,
спокойно,параъати,,,,,,,,,ADV,параъати,Adverb_no_class
спорить,даъбадунну,,,,,,,даъбадун,даъбадум,V,даъбадунну<V>:даъбаду[nasal],Verb
спокойно,сабрулъа,,,,,,,,,ADV,сабрулъа,Adverb_no_class
способность,гьунар,"б, б",гьунардул,гьунарулӏи,гьунардалӏи,,,,,N,,
средний,бокьусси,,,,,,"йокьусси, вокьусси, рокьусси",,,ADJ,бокьусси:окьусси,Adjective_class_prefix
стареть,бохорлъери,,,,,,"йохорлъи, вохорлъи",вохорлъи,вохорлъиб,V,бохорлъери<V>:охорлъ[thematic-i],Verb_class_prefix
ссора,питна,"р, р",питнал,питналлӏи,питналилӏи,,,,,N,,
ссора,гъалмагъар,б,,гъалмагъарлӏи,,,,,,N,,
сталь,чирон,б,,чиронлӏи,,,,,,N,,
столб,гьума,"б, б",гьумадол,гьумаллӏи,гьумадалӏи,,,,,N,,
столица,тахшагьар,б,,,,,,,,N,,
стон,зигара,б,зигардул,зигаралӏи,зигардалӏи,,,,,N,,
строка,михъур,"б, б",михъурдул,михъурулӏи,михъурдалӏи,,,,,N,,
стучать,кӏутӏишери,,,,,,,кӏутӏишо,кӏутӏишо,V,"кӏутӏишери<V>:кӏутӏиш[thematic-i,transitive]",Verb
частое сердцебиение,тӏваркӏишери,р,,тӏваркӏиллӏи,,,,,,N,,
суп,чорпа,б,чорпал,чорпаллӏи,чорпалилӏи,,,,,N,,
сустав,ричӏин,"р, р",ричӏимол,ричӏинулӏи,ричӏималӏи,,,,,N,,
сырой,анниб,,,,,,,,,ADJ,анниб[b],Adjective_no_class
тайна,къеча,б,,къечалилӏи,,,,,,N,,
тайный,къеча,,,,,,,,,ADJ,къеча,Adjective_no_class
терпеливый,сабрулойсси,,,,,,,,,ADJ,сабрулойсси,Adjective_no_class
тесный,къинтӏи,,,,,,,,,ADJ,къинтӏи,Adjective_no_class
ткань,хам,"б, б",хамил,хамлӏи,хамилилӏи,,,,,N,,
топтать,берхьунну,,,,,,,берхьун,берхьон,V,"берхьунну<V>:берхьу[nasal,transitive]",Verb
толстяк,биши,,,,,,"вуши, биши, йиши, вушол, йишол",,,ADJ,биши:ши,Adjective_class_prefix_i_u
толщина,бишилъир,б,,,,,ришилъир,,,N,,
торговля,дарам,"б, б",дарамил,дарамлӏи,,,,,,N,,
точка,тӏанкӏил,"р, р",тӏанкӏилол,тӏанкӏилулӏи,тӏанкӏилалӏи,,,,,N,,
точно,битӏи,,,,,,,,,ADV,битӏи,Adverb_no_class
точно,дуруси,,,,,,,,,ADV,дуруси,Adverb_no_class
тощий,хъелла,,,,,,,,,ADJ,хъелла,Adjective_no_class
трескаться,кьватӏунну,,,,,,,кьватӏун,кьватӏум,V,кьватӏунну<V>:кьватӏу[nasal],Verb
требование,тӏалаб,"б, б",тӏалабил,,,,,,,N,,
трость,анса,"р, р",ансибол,ансулӏи,ансибалӏи,,,,,N,,
трусливый,ццуццул,,,,,,,,,ADJ,ццуццул,Adjective_no_class
тыква,держикӏа,"б, б",держикӏол,держикӏулӏи,держикӏалӏи,,,,,N,,
тюбетейка,писи,"б, б",писил,писиллӏи,писиллӏи,,,,,N,,
тяжелеть,гьокӏорулъери,,,,,,,гьокӏорулъи,гьокӏорулъиб,V,гьокӏорулъери<V>:гьокӏорулъ[thematic-i],Verb
головной убор,такъийа,б,,такъийулӏи,,,,,,N,,
уважение,адаб,б,,адаблӏи,,,,,,N,,
удивление,тамашалъир,,,,,,,,,N,,
если удобно (наречие),санаъалъир,,,,,,,,,ADV,санаъалъир,Adverb_no_class
удод,гьобгьоб,"б, б",гьобгьобол,гьобгьоблӏи,гьобгьобалӏи,,,,,N,,
унижать,гьакъийдери,,,,,,,гьакъийди,гьакъийдо,V,"гьакъийдери<V>:гьакъийд[thematic-i,transitive]",Verb
урчать,къулкъудери,,,,,,,къулкъуди,къулкъудиб,V,къулкъудери<V>:къулкъуд[thematic-i],Verb
урок,дарсси,"б, б",дарссил,дарссиллӏи,дарссилилӏи,,,,,N,,
урчать,къуркъудери,,,,,,,къуркъуди,къуркъудиб,V,къуркъудери<V>:къуркъуд[thematic-i],Verb
утварь,къай,"б, б",къайил,къайлӏи,къайилилӏи,,,,,N,,
ученый,гӏалим,"в, в",гӏалимадул,гӏалимшув,гӏалимадав,,,,,N,,
ученая,гӏалим,"й, й",гӏалимадул,гӏалимлӏи,гӏалимадалӏи,,,,,N,,
хватать,биччери,,,,,,"биччи, риччи",биччи,биччо,V,"биччери<V>:чч[thematic-i,transitive]",Verb_class_prefix_i_o
учить,цӏиннолъери,,,,,,,цӏиннолъи,цӏиннолло,V,"цӏиннолъери<V>:цӏиннолъ[thematic-i,transitive]",Verb
характер,амал,"б, б",амалол,амалалӏи,амалалӏи,,,,,N,,
хитрец,ссихӏир,,,,,,,,,ADJ,ссихӏир,Adjective_no_class
хитрый,ссихӏир,,,,,,,,,ADJ,ссихӏир,Adjective_no_class
хитрый (ребенку),иприти,,,,,,,,,ADJ,,
холера,вабаъи,б,,,,,,,,N,,
хорошо,шуб,,,,,,"шуб, шур, шуй",,,ADV,шуб:шу,Adverb_class_suffix
хутор,кули,"б, б",кулил,кулиллӏи,,,,,,N,,
цвет,босо,"б, б",босол,,,,,,,N,,
чавкать,гъванкишери,,,,,,,,,V,,Verb
целый,бичӏоссуб,,,,,,"ричӏоссуб, вучӏоссуб, йичӏоссуб, вочӏоссубул, йочӏоссубул",,,ADJ,бичӏоссуб:чӏоссуб[b],Adjective_class_prefix_i_u
чавкание,лъобкӏи,,,,,,,,,N,,
часы,саъати,"б, б",саъатобил,саъатулӏи,саъатобалӏи,,,,,N,,
четверг,хамизи,р,хамиз зубодул,,,,,,,N,,
чистота,рерцӏцӏомлъир,р,,рерцӏцӏомлъирлӏи,,,берцӏцӏомлъир,,,N,,
чтение,баъир,б,,баъирлӏи,,,,,,N,,
шевелить,бергъоллу,,,,,,рергъоллу,бергъолъи,бергъолло,V,бергъоллу<V>:ергъ[causative],Verb_class_prefix
чудо,гӏаламати,б,гӏаламатол,гӏаламатилӏи,,,,,,N,,
шерсть,михи,р,,михилӏи,,,,,,N,,
шест,мокъи,"б, б",мокъадул,мокъилӏи,мокъадалӏи,,,,,N,,
шестой,ойлӏидеб,,,,,,,,,NUM,,
шестьдесят,ойлӏицӏолгу,,,,,,,,,NUM,,
шкура,цӏцӏуку,"б, б",цӏцӏукодул,цӏцӏукудолӏи,цӏцӏукодалӏи,,,,,N,,
шкура,хуча,"р, р",хучол,хучулӏи,хучодалӏи,,,,,N,,
шоссе,шагьара,,,,,,,,,N,,
штраф,гьакӏа,"б, б",гьакӏал,гьакӏалӏи,,,,,,N,,
шуба,бишо,"б, б",бишодул,бишоллӏи,бишодалӏи,,,,,N,,
щекотать,куликонну,,,,,,,куликонлъи,куликонно,V,"куликонну<V>:кулик[nasal,causative]",Verb
шутка,масхара,"б, б",масхардул,масхарулӏи,масхардалӏи,,,,,N,,
щипцы,хуцӏу,"б, б",хуцӏодул,хуцӏулӏи,хуцӏодул,,,,,N,,
ягодица,беххиркъил,"б, б",беххиркъилол,беххиркъилулӏи,беххиркъилалӏи,,,,,N,,
яичница,хайген,б,,хайгенлӏи,,,,,,N,,
ясность,байан,,,,,,,,,N,,
бабушка,ила,"й, й",,,,,,,,N,,
веревка,рошон,"р, р",рошомил,рошонулӏи,рошомалӏи,,,,,N,,
вор,лъомидо,"в, в",,лъомидошуб,,,,,,N,,
вор,лъомидо,"й, й",,,,,,,,N,,
где,ину,,,,,,,,,ADV,ину,Adverb_no_class
гладкий,ламмиб,,,,,,,,,ADJ,ламмиб[b],Adjective_no_class
гость,цӏцӏи,"в, в",цӏцӏил,цӏцӏишув,цӏцӏелувул,,,,,N,,
гостья,цӏцӏи,"й, й",цӏцӏил,цӏцӏиллӏи,цӏцӏелувул,,,,,N,,
гриб,хорошашуб авъара,"б, б",хорошашубул авъардул,хорошашуб авъарулӏи,хорошашубул авъардалӏи,,,,,N,,
долго,бигьу заман,,,,,,,,,ADV,бигьу заман,Adverb_no_class
жениться,йошикӏва йичинно,,,,,,,йошикӏва йичон,йошикӏва йичом,V,,
думать,ургъунну,,,,,,,ургъун,ургъум,V,ургъунну<V>:ургъу[nasal],Verb
еж,ужрукъи,"б, й",ужрукъол,ужрукъулӏи,ужрукъалӏи,,,,,N,,
жила,щекӏи,"б, б",щекӏил,щекӏиллӏи,щекӏилилӏи,,,,,N,,
зажигать,биколлу,,,,,,"риколлу, роколлу",биколъи,биколло,V,биколлу<V>:к[causative],Verb_class_prefix_i_o
звать,къорери,,,,,,,къори,къоро,V,"къорери<V>:къор[thematic-i,transitive]",Verb
запах,шан,"б, б",шанил,шанлӏи,шанилилӏи,,,,,N,,
земля,онщи,б,,оншилӏи,,,,,,N,,
кабан,хунтӏа,"б, й",хунтӏил,хунтӏулӏи,хунтӏилӏи,,,,,N,,
кол,хӏахъум,"б, б",хӏахъумол,хӏахъумулӏи,хӏахъумалӏи,,,,,N,,
кора,хъал,"б, б",хъалил,хъалулӏи,хъалилилӏи,,,,,N,,
лечить,сагъийдери,,,,,,,сагъийди,сагъийдо,V,"сагъийдери<V>:сагъийд[thematic-i,transitive]",Verb
косточка,гага,б,,гагулӏи,,,,,,N,,
куст,хъарахъи,"б, б",хъарахъол,хъарахъулӏи,хъарахъалӏи,,,,,N,,
находить,бисонну,,,,,,,бисон,бисонно,V,"бисонну<V>:бис[nasal,causative]",Verb
мята,инцциртӏа,р,,инцциртӏалӏи,,,,,,N,,
не,ссу,,,,,,,,,EXCL,,
ноша,къай,б,,къайлӏи,,,,,,N,,
отнимать,бухери,,,,,,"рухери, вухери, йихери, вохери, йохери, бохери",бухи,,V,,Verb_class_prefix_u_a
обманывать,гуккунну,,,,,,,гуккун,гуккон,V,"гуккунну<V>:гукку[nasal,transitive]",Verb
огород,чӏадил,"б, б",чӏадилол,чӏадиллӏи,чӏадилалӏи,,,,,N,,
перхоть,къара,б,,къаралӏи,,,,,,N,,
поднимать,гьебцӏоллу,,,,,,,гьебцӏоллъи,гьебцӏолло,V,гьебцӏоллу<V>:гьебцӏ[causative],Verb
пить,цӏцӏадери,,,,,,,цӏцӏади,цӏцӏадо,V,"цӏцӏадери<V>:цӏцӏад[thematic-i,transitive]",Verb
пол,гьоъор,б,,гьоъорлӏи,,,,,,N,,
полдень,лъал,б,,лъаллӏи,,,,,,N,,
половник,гама,б,,гамулӏи,,,,,,N,,
последний,вехудивасси,,,,,,"йехудийасси, бехудибасси, рехудирасси, вохудивассол, йехудийассол, бехудибассол, рехудирассол,",,,ADJ,бехудибасси:ехуди :асси,Adjective_class_prefix_and_internal(2)
пот,гьанъо,б,,гьанъолӏи,,,,,,N,,
пьяный,бегулъий,,,,,,"вегулъий, йегулъий",,,ADJ,бегулъий:егулъий,Adjective_class_prefix
равнина,байдан,"б, б",байдамил,байданулӏи,байдамалӏи,,,,,N,,
радуга,соруди йошиква йичонний,,,,,,,,,N,,
рубить,ароллу,,,,,,,аролъи,аролло,V,ароллу<V>:ар[causative],Verb
ругать,вейхъвери,,,,,,,вейхъу,вейхъуб,V,вейхъвери<V>:вейхъв[thematic-u],Verb
садиться,гьовкӏвери,,,,,,,гьовкӏо,,V,,Verb
рожать,мочӏи джидери,,,,,,,,,V,,
смотреть,гьалчӏинну,,,,,,,гьалчӏон,гьалчӏом,V,"гьалчӏинну<V>:гьалчӏ[nasal,npst-i]",Verb
светлый,кванор,,,,,,,,,ADJ,кванор,Adjective_no_class
семя,шен,р,,шенлӏи,,,,,,N,,
скот,буцӏцӏир,"б, й",буцӏцӏирол,буцӏцӏирулӏи,буцӏцӏиралӏи,,,,,N,,
собираться,бакӏарунну,,,,,,"бакӏарун, ракӏарун, вакӏарун, йакӏарун",бакӏарун,бакӏарон,V,"бакӏарунну<V>:бакӏару[nasal,transitive]",Verb_class_prefix
соленый,цӏцӏонъон,,,,,,,,,ADJ,цӏцӏонъон,Adjective_no_class
сосед,мадугьал,"в, в",мадугьаладул,мадугьалшуб,мадугьаладав,,,,,N,,
соседка,мадугьал,"й, й",мадугьаладул,мадугьаллӏи,мадугьаладалӏи,,,,,N,,
спасать,борчӏонну,,,,,,"ворчӏонну, йорчӏонну, борчӏонну",ворчӏон,ворчӏонно,V,"борчӏонну<V>:орчӏ[nasal,causative]",Verb_class_prefix
стрела,чӏор,р,,,,,,,,N,,
стул,мокӏо,"б, б",мокӏол,мокӏолӏи,мокӏолилӏи,,,,,N,,
сычуг,ребкьу,р,,ребкьулӏи,,,,,,N,,
тесать,каннери,,,,,,,канни,канно,V,"каннери<V>:канн[thematic-i,transitive]",Verb
трясти,лъурери,,,,,,,лъури,лъуро,V,"лъурери<V>:лъур[thematic-i,transitive]",Verb
твердый,къвакӏунниб,,,,,,,,,ADJ,къвакӏунниб[b],Adjective_no_class
тмин,миъор,р,,миъорлӏи,,,,,,N,,
хотеть,къорокъери,,,,,,,къорокъо,къорокъоб,V,къорокъери<V>:къорокъ[thematic-o],Verb
тупой,барссуб,,,,,,,,,ADJ,барссуб[b],Adjective_no_class
утка,бадуши,"б, й",бадушол,бадушулӏи,бадушалӏи,,,,,N,,
холм,гъижи,"б, б",гъижадул,гъижилӏи,гъижадалӏи,гъижиъа,,,,N,,
бежать,гьеллери,,,,,,,гьелли,гьеллиб,V,гьеллери<V>:гьелл[thematic-i],Verb
щебень,гъогъу,б,гъогъодул,гъогъулӏи,гъогъодалӏи,,,,,N,,
алыча,кӏолли кӏуркӏул,"б, б",кӏолли кӏуркӏулол,кӏуркӏулулӏи,кӏуркӏулалӏи,,,,,N,,
бульон,кощи,"р, р",кощил,кощилӏи,кощилилӏи,,,,,N,,
вариться,билъонну,,,,,,"билъонну, рилъонну, волъонну, болъонний",билъон,билъон,V,"билъонну<V>:билъо[nasal,transitive]",Verb_class_prefix_i_o
выбирать,бочӏери,,,,,,рочӏери,бочӏо,бочӏо,V,"бочӏери<V>:очӏ[thematic-o,transitive]",Verb_class_prefix
выть,гьомдери,,,,,,,гьомди,гьомдиб,V,гьомдери<V>:гьомд[thematic-i],Verb
весь,илӏугу,,,,,,,,,PRON,,
забывать,реччери,,,,,,,реччо,реччоб,V,реччери<V>:речч[thematic-o],Verb
гнуться,тӏебери,,,,,,,тӏеби,тӏебиб,V,тӏебери<V>:тӏеб[thematic-i],Verb
дыра,багин,"б, б",багимол,багинулӏи,багималӏи,,,,,N,,
жадный,къинниб,,,,,,,,,ADJ,къинниб[b],Adjective_no_class
кусать,къаммери,,,,,,,къамми,къаммо,V,"къаммери<V>:къамм[thematic-i,transitive]",Verb
крыло,лъиру,"р, р",лъирдобил,лъирудолӏи,лъирудобалӏи,,,,,N,,
лиса,сори,"б, й",сордул,соролӏи,сордалӏи,,,,,N,,
лошадь,кӏоту,"б, й",кӏотил,кӏотулӏи,кӏотилӏи,,,,,N,,
мало,колӏи,,,,,,,,,ADV,колӏи,Adverb_no_class
мало,мичӏигу,,,,,,,,,ADV,мичӏигу,Adverb_no_class
между,бокьу,,,,,,"рокьу, йокьу, вокьу",,,POST,,
мерить,басинну,,,,,,,басон,басон,V,"басинну<V>:бас[nasal,transitive,npst-i]",Verb
невеста,бахӏарай,"й, й",бахӏардул,бахӏарайлӏи,бахӏардалӏи,,,,,N,,
ножны,релъоба,"б, б",релъобил,релъобулӏи,релъобалӏи,,,,,N,,
ножны,ххубару,"б, б",ххубардул,ххубарулӏи,ххубардалӏи,,,,,N,,
открывать,архинну,,,,,,,архон,архон,V,"архинну<V>:арх[nasal,transitive,npst-i]",Verb
оставлять,беддери,,,,,,"веддо, йеддо, реддо",беддо,беддо,V,"беддери<V>:едд[thematic-o,transitive]",Verb_class_prefix
остывать,гьалтери,,,,,,,гьалто,гьалтоб,V,гьалтери<V>:гьалт[thematic-o],Verb
плечо,бехун,"б, б",бехумол,бехунулӏи,бехумалӏи,,,,,N,,
просеивать,кудери,,,,,,,куди,кудо,V,"кудери<V>:куд[thematic-i,transitive]",Verb
похожий,аблъин,,,,,,"авлъин, айлъин, арлъин, аблъин",,,ADJ,аблъин:a :лъин,Adjective_class_internal(2)
пояс,рокьучул,"р, р",рокьучулол,рокьучулулӏи,рокьучулалӏи,,,,,N,,
прямой,битӏи,,,,,,ритӏи,,,ADJ,битӏи:тӏи,Adjective_class_prefix_i_u
прятать,бекъашолери,,,,,,,бекъашулъи,бекъашулло,V,"бекъашолери<V>:бекъашол[thematic-i,transitive]",Verb
работать,хӏалтӏунну,,,,,,,хӏалтӏун,хӏалтӏум,V,хӏалтӏунну<V>:хӏалтӏу[nasal],Verb
родник,инцци,"р, р",инццадул,инццилӏи,инццадалӏи,,,,,N,,
рожь,чӏори,б,,чӏорлӏи,,,,,,N,,
рычать,гъулгъудери,,,,,,,гъулгъуди,гъулгъудиб,V,гъулгъудери<V>:гъулгъуд[thematic-i],Verb
рычать,кӏкӏуннери,,,,,,,кӏкӏунни,кӏкӏунниб,V,кӏкӏуннери<V>:кӏкӏунн[thematic-i],Verb
свежевать,рихъери,,,,,,,рихъи,рихъо,V,"рихъери<V>:рихъ[thematic-i,transitive]",Verb
самка,гьорчӏи,"й, й",гьорчӏол,гьорчӏиллӏи,гьорчӏилилӏи,,,,,N,,
смешивать,абжоллу,,,,,,,абжолъи,абжолло,V,абжоллу<V>:абж[causative],Verb
сметана,эл,"б, б",элил,элулӏи,элилилӏи,,,,,N,,
стремя,падучан,"б, б",падучамил,падучанлӏи,падучамалӏи,,,,,N,,
ступня,кьеркьил,"б, б",,,,,,,,N,,
ударять,джабери,,,,,,,джаби,джабо,V,"джабери<V>:джаб[thematic-i,transitive]",Verb
трут,ссекӏу,"б, б",ссекӏодул,ссекӏулӏи,ссекӏодалӏи,,,,,N,,
туман,гьиро,"р, р",гьиродул,гьиролӏи,гьиродалӏи,,,,,N,,
хрящ,цӏецӏи,"б, б",цӏецӏил,цӏецӏилӏи,цӏецӏилилӏи,,,,,N,,
челюсть,чӏамчӏаллӏи,"б, б",чӏамчӏаллӏол,,,,,,,N,,
юла,пархил,"р, р",пархилол,пархилулӏи,пархилалӏи,,,,,N,,
армия,аскӏар,"б, б",аскӏарол,аскӏарлӏи,аскӏаралӏи,,,,,N,,
зерно,хӏалбахъин,"б, б",хӏалбахъинол,хӏалбахъинулӏи,хӏалбахъиналӏи,,,,,N,,
пиджак,кастум,"б, б",кастумол,кастумулӏи,кастумалӏи,,,,,N,,
ватная куртка,пенджеки,"б, б",пенджекол,пенджекулӏи,пенджекалӏи,,,,,N,,
суд,сути,"б, б",сутил,сутиллӏи,сутилилилӏи,,,,,N,,
сук,кӏурцӏцӏо,"б, б",кӏурцӏцӏодул,кӏурцӏцӏулӏи,кӏурцӏцӏодалӏи,,,,,N,,
фонарь,чирахъи,"б, б",чирахъол,чирахъулӏи,чирахъалӏи,,,,,N,,
имя,цӏцӏер,"р, р",цӏцӏердул,цӏцӏерулӏи,цӏцӏердалӏи,,,,,N,,
алчный,къинниб,,,,,,,,,ADJ,къинниб[b],Adjective_no_class
аппетит,хийал,"б, б",хийалол,хийалулӏи,хийалалӏи,,,,,N,,
барабанщик,къаличан,"в, в",къаличамадул,,,,,,,N,,
барабанщица,къаличан,"й, й",къаличамадул,,,,,,,N,,
белеть,гьацӏалъери,,,,,,,гьацӏалъи,гьацӏалъиб,V,гьацӏалъери<V>:гьацӏалъ[thematic-i],Verb
безрукавка,кереᵸссери,"б, б",кереᵸссерол,кереᵸссериллӏи,кереᵸссеролилӏи,,,,,N,,
бидон,битон,"б, б",битомил,битонулӏи,битомалӏи,,,,,N,,
бодаться,гъуммери,,,,,,,гъумми,гъуммо,V,"гъуммери<V>:гъумм[thematic-i,transitive]",Verb
блестящий,цӏцӏвакуниб,,,,,,цӏцӏвакунир,,,ADJ,цӏцӏвакуниб:цӏцӏвакуни,Adjective_class_suffix
божья коровка,вошуле-йошиле,"б, й",вошуле-йошиболле,йошуллӏиле вошубле босо,,,,,,N,,
бродяга,сорсол,"в, в",сорсолол,сорсолшуй,сорсололуй,,,,,N,,
бродяга,сорсол,"й, й",сорсолол,сорсоллӏи,сорсололилӏи,,,,,N,,
брысь,учи,,,,,,,,,EXCL,,
бублик,гимура,"б, б",гимурдул,гимурулӏи,гимурдалӏи,,,,,N,,
бусинка,миххи,"б, б",миххил,миххилӏи,миххилилӏи,,,,,N,,
в будущем году,гьиъойа,,,,,,,,,ADV,гьиъойа,Adverb_no_class
вдруг,хапиду,,,,,,,,,ADV,хапиду,Adverb_no_class
вежливый,лъуна,,,,,,,,,ADJ,лъуна,Adjective_no_class
вершина,мийар,"р, р",мийардул,мийарулӏи,мийардалӏи,,,,,N,,
вес,гьокӏорулъир,б,,,,,,,,N,,
весной,риба,,,,,,,,,ADV,риба,Adverb_no_class
весть,хабар,б,,хабарулӏи,,,,,,N,,
ветшать,чӏунтунну,,,,,,,чӏунтун,чӏунтум,V,чӏунтунну<V>:чӏунту[nasal],Verb
вечером,гьечӏодоъо,,,,,,,,,ADV,гьечӏодоъо,Adverb_no_class
взамен,миса,,,,,,,,,ADV,миса,Adverb_no_class
взвешивать,басинну,,,,,,,басон,басон,V,"басинну<V>:бас[nasal,transitive,npst-i]",Verb
визжать,зумзудир,,,,,,,зумзудир вугъи,зумзудир вачӏоб,,,
взвешивать,кьаннери,,,,,,,кьанни,кьанно,V,"кьаннери<V>:кьанн[thematic-i,transitive]",Verb
вместе,сору,,,,,,,,,POST,,
воровать,бехъащери,,,,,,рехъащери,бехъащи,бехъащо,V,"бехъащери<V>:ехъащ[thematic-i,transitive]",Verb_class_prefix
вонючий,шанжа,,,,,,,,,ADJ,шанжа,Adjective_no_class
воротник,гару,"б, б",гардобил,гардолӏи,гардобалӏи,,,,,N,,
впервые,эсседугуло,,,,,,,,,ADV,эсседугуло,Adverb_no_class
впечатление,асар,б,,асарулӏи,,,,,,N,,
вред,зарар,"р, р",зарардул,зарарулӏи,зарардалӏи,,,,,N,,
вред,зийан,"р, р",зийанол,зийанулӏи,зийаналӏи,,,,,N,,
вспыхивать,гвангъунну,,,,,,,гвангъун,гвангъум,V,гвангъунну<V>:гвангъу[nasal],Verb
всюду,инукку инало,,,,,,,,,ADV,инукку инало,Adverb_no_class
вход,кӏол,"б, б",кӏолибол,кӏололӏи,кӏолибалӏи,,,,,N,,
выжимать,цӏцӏурери,,,,,,,цӏцӏури,цӏцӏуро,V,"цӏцӏурери<V>:цӏцӏур[thematic-i,transitive]",Verb
торчать (о чем-то остром),цӏцӏутӏунну,,,,,,,цӏцӏутӏун,цӏцӏутӏунно,V,,Verb
выращивать,бижунну,,,,,,,бижун,,V,,Verb
высота,гьирцӏилъер,"б, б",гьирцӏилъерадул,гьирцӏилъерлӏи,гьирцӏилъерадалӏи,,,,,N,,
нагло смотреть,хъитӏунну,,,,,,,хъитӏун,хъитӏум,V,хъитӏунну<V>:хъитӏу[nasal],Verb
газ,газ,б,,газулӏи,,,,,,N,,
газета,кайзати,"б, б",кайзатол,кайзатулӏи,кайзаталӏи,,,,,N,,
глохнуть,гоъилъери,,,,,,,гоъилъи,гоъилъиб,V,гоъилъери<V>:гоъилъ[thematic-i],Verb
гладить,лъарери,,,,,,,лъари,лъаро,V,"лъарери<V>:лъар[thematic-i,transitive]",Verb
горбиться,къуллонну,,,,,,,къуллон,къуллонно,V,"къуллонну<V>:къулл[nasal,causative]",Verb
гордиться,чӏугьунну,,,,,,,чӏугьун,чӏугьум,V,чӏугьунну<V>:чӏугьу[nasal],Verb
дарить,иччери,,,,,,,иччи,иччо,V,"иччери<V>:ичч[thematic-i,transitive]",Verb
дергать,туркӏунну,,,,,,,туркӏун,туркӏон,V,"туркӏунну<V>:туркӏу[nasal,transitive]",Verb
девушка,йоши,"й, й",йошибол,йошулӏи,йошибалӏи,,,,,N,,
доверчивый,бужуролӏи,,,,,,,,,ADJ,бужуролӏи,Adjective_no_class
достаточно,гьитӏо,,,,,,,,,ADV,гьитӏо,Adverb_no_class
жаркий,букьиб,,,,,,рукьиб,,,ADJ,букьиб:укьиб[b],Adjective_class_prefix
животное,хӏайван,"б, й",хӏайванол,хӏайванулӏи,хӏайваналӏи,,,,,N,,
заблудиться,битӏери,,,,,,"ритӏу, йитӏу, вутӏу, вотӏуй, йотӏуй",битӏу,битӏуб,V,битӏери<V>:тӏ[thematic-u],Verb_class_prefix_i_o
жук,щирщил,"б, й",щирщилол,щирщилулӏи,щирщилалӏи,,,,,N,,
за пазухой,гъвакьу,,,,,,,,,ADV,гъвакьу,Adverb_no_class
задерживать,вугъери,,,,,,,вугъи,вугъиб,V,вугъери<V>:вугъ[thematic-i],Verb
зависть,джахӏда,б,,джахӏдалилӏи,,,,,,N,,
зарплата,харжи,"б, б",харжил,харжиллӏи,харжилилӏи,,,,,N,,
засов,турхасси,"б, б",турхассол,турхассиллӏи,турхассалӏи,,,,,N,,
зачем,иллъиди,,,,,,,,,ADV,иллъиди,Adverb_no_class
зло,тӏу,"р, р",тӏулил,тӏуллӏи,тӏулилилӏи,,,,,N,,
знак,ишара,"б, б",ишардул,ишарулӏи,ишардалӏи,,,,,N,,
зубец,сол,"р, р",солибол,солуллӏи,солбалӏи,,,,,N,,
зурнист,зурмухъан,"в, в",зурмухъамадул,зурмухъаншув,зурмухъамадавул,,,,,N,,
зурнистка,зурмухъан,"й, й",зурмухъамадул,зурмухъанлӏи,зурмухъамадалӏи,,,,,N,,
из-за,сабаблъий,,,,,,,,,POST,,
изобилие,гьарзалъир,"б, б",гьарзалъирол,гьарзалъирлӏи,,,,,,N,,
имущество,реси,б,,,,,,,,N,,
иноходь,йоргъа,б,,,,йоргъалъа,,,,N,,
как,икьи,,,,,,,,,ADV,икьи,Adverb_no_class
катиться,гиригирери,,,,,,,гиригири,гиригириб,V,гиригирери<V>:гиригир[thematic-i],Verb
кирпич,кирпич,"б, б",кирпичол,кирпичулӏи,кирпичалӏи,,,,,N,,
клеймо,анжи,"р, р",анжодул,анжиллӏи,анжодалӏи,,,,,N,,
клубок,кӏошкӏон,"р, р",кӏошкӏомил,кӏошкӏонулӏи,кӏошкӏомалӏи,,,,,N,,
клубок,кӏуцӏцӏа,"р, р",кӏуцӏцӏибол,кӏуцӏцӏаллӏи,кӏуцӏцӏибалӏи,,,,,N,,
ковыряться,сабсашери,,,,,,,сабсашо,сабсашо,V,"сабсашери<V>:сабсаш[thematic-i,transitive]",Verb
ковыряться,хъватӏишери,,,,,,,хъватӏишо,хъватӏишо,V,"хъватӏишери<V>:хъватӏиш[thematic-i,transitive]",Verb
кляча,ича,"б, й",ичил,ичулӏи,ичилӏи,ичуъа,,,,N,,
корка,хъал,б,хъалил,хъалуллӏи,хъалилилӏи,,,,,N,,
крепнуть,къвакӏунну,,,,,,,къвакӏун,къвакӏум,V,къвакӏунну<V>:къвакӏу[nasal],Verb
крик,лъочӏчӏу,"б, б",лъочӏчӏудул,лъочӏчӏуллӏи,лъочӏчӏудалъи,,,,,N,,
круг,гор,"р, р",гордул,горуллӏи,гордалӏи,,,,,N,,
купать,абчери,,,,,,"авчери, айчери",абчо,абчо,V,"абчери:а :ч[thematic-o,transitive]",Verb_class_internal(2)
купаться,абчери,,,,,,"авчери, айчери",абчо,абчо,V,"абчери:а :ч[thematic-o,transitive]",Verb_class_internal(2)
кушать,биконну,,,,,,"йикон, йокон, вукон, вокон, бикон",вукон,вуком,V,биконну<V>:ко[nasal],Verb_class_prefix_i_o
кутан,алахи,"б, б",алахол,алахиллӏи,алахалӏи,алахил.ъо,,,,N,,
ласка,ундурукьи,"б, й",ундурукьил,ундурукьиллӏи,ундурукьилилӏи,,,,,N,,
легко,лъолколъи,,,,,,,,,ADV,лъолколъи,Adverb_no_class
лен,турти,"р, р",туртил,туртилӏи,туртилилӏи,,,,,N,,
летать,бурери,,,,,,,бури,буриб,V,бурери<V>:бур[thematic-i],Verb
лень,кӏвагьаллъир,б,,кӏвагьаллъирлӏи,,,,,,N,,
лепешка,панкъи,"б, б",панкъол,панкъиллӏи,панкъалӏи,,,,,N,,
литр,литра,"р, р",литрал,,,,,,,N,,
лоза,гъалъа,"р, р",гъалъол,гъалъаллӏи,гъалъалилӏи,,,,,N,,
ляжка,ахъу,"б, б",ахъобил,ахъулолӏи,ахъулолӏи,,,,,N,,
магазин,тукен,"б, б",тукемил,тукенулӏи,тукемалӏи,,,,,N,,
макать,оболлу,,,,,,,оболъи,оболло,V,оболлу<V>:об[causative],Verb
макушка,эмийар,"р, р",эмийардул,эмийарулӏи,эмийардалӏи,,,,,N,,
марка,маркӏа,"б, б",маркӏибул,маркӏаллӏи,маркӏибалӏи,,,,,N,,
мастер,устӏар,"в, в",устӏарадул,устӏаршув,устӏарадавул,,,,,N,,
меняться,бершоллу,,,,,,рершоллу,рершолъи,рершолло,V,бершоллу<V>:ерш[causative],Verb_class_prefix
мизинец,бошицӏцӏекӏа,"б, б",бошицӏцӏекӏобил,бошицӏцӏекӏулӏи,бошицӏцӏекӏобалӏи,бошицӏцӏекӏуъа,,,,N,,
миллион,миллион,"б, б",миллиомил,,,,,,,N,,
милосердие,рахӏмат,"б, б",рахӏматол,рахӏматиллӏи,рахӏматалӏи,,,,,N,,
милосердие,рахӏмати,"б, б",рахӏматол,рахӏматиллӏи,рахӏматалӏи,,,,,N,,
мир,дуниял,"б, б",дуниялол,дунияллӏи,дуниялалӏи,,,,,N,,
мирить,рокъоллу,,,,,,,рокъолъи,рокъолло,V,рокъоллу<V>:рокъ[causative],Verb
можжевельник,цӏцӏирлӏи,"б, б",цӏцӏирлӏол,цӏцӏирлӏиллӏи,цӏцӏирлӏолилӏи,,,,,N,,
можно,лъийа,,,,,,,,,ADV,лъийа,Adverb_no_class
морщиниться,бекъиркъанну,,,,,,,бекъиркъан,бекъиркъанно,V,,Verb
морщиться,бекъиркъанну,,,,,,,бекъиркъан,бекъиркъанно,V,,Verb
моток,кӏуцӏа,"р, р",кӏуцӏал,кӏуцӏаллӏи,кӏуцӏалилӏи,,,,,N,,
мстить,бучӏчӏоллу,,,,,,,бучӏчӏолъи,бучӏчӏолло,V,бучӏчӏоллу<V>:бучӏчӏ[causative],Verb
мудрый,акъил,,,,,,,,,ADJ,акъил,Adjective_no_class
мусульманин,буссурман,"в, в",буссурманол,буссурманшуб,буссурманадаб,,,,,N,,
мусульманка,буссурман,"й, й",буссурманол,буссурманлӏи,буссурманадалӏи,,,,,N,,
на виду,гьаъери,,,,,,,,,ADV,гьаъери,Adverb_no_class
навстречу,бади,,,,,,,,,ADV,бади,Adverb_no_class
народ,хал.ъи,б,,,,,,,,N,,
насмехаться,рокӏо булӏери,,,,,,,рокӏо булӏий,,V,,
учение,элму,"р, р",элмудул,элмулӏи,элмудалӏи,,,,,N,,
учение,гӏэлму,"р, р",гӏэлмудул,гӏэлмулӏи,гӏэлмудалӏи,,,,,N,,
немного,мичӏимуха,,,,,,,,,ADV,мичӏимуха,Adverb_no_class
немного,бигьулгуссу,,,,,,,,,ADV,бигьулгуссу,Adverb_no_class
неправильно,битӏиссу,,,,,,,,,ADV,битӏиссу,Adverb_no_class
неприязнь,джахӏда,"б, б",джахӏдал,джахӏдаллӏи,джахӏдалилӏи,,,,,N,,
нефть,набти,"б, б",набтил,набтиллӏи,набтилилӏи,,,,,N,,
ни за что,абада,,,,,,,,,ADV,абада,Adverb_no_class
никуда,себгулолди,,,,,,,,,ADV,себгулолди,Adverb_no_class
ниоткуда,себгулоллъуккуссу,,,,,,,,,ADV,себгулоллъуккуссу,Adverb_no_class
нисколько,себгулоссу,,,,,,,,,ADV,себгулоссу,Adverb_no_class
норма,мадар,,,,,,,,,N,,
ночной,гьечӏодоъосси,,,,,,,,,ADJ,гьечӏодоъосси,Adjective_no_class
"ныть, скулить",зигардери,,,,,,,зигарди,зигардиб,V,зигардери<V>:зигард[thematic-i],Verb
скулить,кӏкӏуннери,,,,,,,кӏкӏунни,кӏкӏунниб,V,кӏкӏуннери<V>:кӏкӏунн[thematic-i],Verb
нужный,къорокъой,,,,,,,,,ADJ,къорокъой,Adjective_no_class
облепиха,гъарцӏцӏи,"р, р",гъарцӏцӏил,гъарцӏцӏиллӏи,гъарцӏцӏилилӏол,,,,,N,,
обыск,цӏцӏиᵸхъин,"б, б",цӏцӏиᵸхъимол,цӏцӏиᵸхъирлӏи,цӏцӏиᵸхъималӏи,,,,,N,,
обычай,адат,"б, б",адатол,адатулӏи,адаталӏи,,,,,N,,
отдельный,батӏа,,,,,,,,,ADJ,батӏа,Adjective_no_class
отдых,шаннир,"р, р",шаннибул,шаннирлӏи,шанниралӏи,,,,,N,,
отдых,гьалхи,,,,,,,,,N,,
отовсюду,инукку имало,,,,,,инукку инало (р); инукку и2йаллоссол; инукку и2валлоссол,,,ADV,,
отсутствие,ссулъир,,,,,,,,,N,,
охота,чониву,,,чонлӏи,,,,,,N,,
палатка,чатир,"б, б",чатирдул,чатирулӏи,чатирдалӏи,,,,,N,,
палочка,жала,"р, р",жалибол,жалулӏи,жалибалӏи,,,,,N,,
папа,дада,"в, в",дадалал,дадав,дадалав,дадаъа,,,,N,дада<obl>:дада,
пачкать,хъубийдери,,,,,,,хъубийди,хъубийдо,V,"хъубийдери<V>:хъубийд[thematic-i,transitive]",Verb
патрон,патрон,"р, р",патромил,патронулӏи,патромалӏи,,,,,N,,
пахота,рекьир,р,,рекьирлӏи,,,,,,N,,
пачкать,чурукийдери,,,,,,,чурукийди,чурукийдо,V,"чурукийдери<V>:чурукийд[thematic-i,transitive]",Verb
пашня,мигъи,"б, б",мигъил,мигъилӏи,мигъилилӏи,,,,,N,,
плач,моъо,"б, б",моъол,моъолӏи,моъолилӏи,,,,,N,,
плевок,тудир,,,,,,,,,N,,
поворот,сери,"б, б",серадул,,,,,,,N,,
подошва,лъол,"б, б",лъолибол,лъолулӏи,лъолибалӏи,,,,,N,,
покой,рахӏат,"б, б",рахӏатол,рахӏатилӏи,,,,,,N,,
покорный,мукъур,,,,,,,,,ADJ,мукъур,Adjective_no_class
покорный,мутӏичи,,,,,,,,,ADJ,мутӏичи,Adjective_no_class
пола,рускӏол,"б, б",рускӏолол,рускӏолулӏи,рускӏолалӏи,,,,,N,,
понадобиться,гьаджатунну,,,,,,,гьаджатун,,V,гьаджатунну<V>:гьаджату[nasal],Verb
понемногу,мичӏи-мичӏи,,,,,,,,,ADV,мичӏи-мичӏи,Adverb_no_class
порог,сарейлӏул,"б, б",сарейлӏулол,сарейлӏулулӏи,сарейлӏулалӏи,,,,,N,,
постоянно,иннагуло,,,,,,,,,ADV,иннагуло,Adverb_no_class
родство,наслу,"б, б",наслодул,,,,,,,N,,
правильный,битӏи,,,,,,"вутӏи, йитӏи, ритӏи",,,ADJ,битӏи:тӏи,Adjective_class_prefix_i_u
прямой,битӏи,,,,,,"вутӏи, йитӏи, ритӏи",,,ADJ,битӏи:тӏи,Adjective_class_prefix_i_u
праздник,паразники,,паразники,,,,,,,N,,
привыкать,ругьунлъери,,,,,,,ругьунлъи,ругьунлъиб,V,ругьунлъери<V>:ругьунлъ[thematic-i],Verb
прохлада,соккуй,,,,,,,,,N,,
прочь,гьервади,,,,,,,,,ADV,гьервади,Adverb_no_class
пятьдесят,иᵸшдуцӏолгу,,,,,,,,,NUM,,
радовать,бергьонну,,,,,,"вергьонний, йергьонний, бергьонний",вергьон,вергьонно,V,"бергьонну<V>:ергь[nasal,causative]",Verb_class_prefix
дробить,хъиннери,,,,,,,хъинни,хъинно,V,"хъиннери<V>:хъинн[thematic-i,transitive]",Verb
работник,хӏалтухъан,"в, в",,,,,,,,N,,
работница,хӏалтухъан,"й, й",,,,,,,,N,,
разбрасывать,гьуршунну,,,,,,,гьуршун,,V,,Verb
развеваться,парпадери,,,,,,,парпади,парпадиб,V,парпадери<V>:парпад[thematic-i],Verb
разбрасывать,шарери,,,,,,,шари,шаро,V,"шарери<V>:шар[thematic-i,transitive]",Verb
разбрасывать,шаршашери,,,,,,,шаршашо,шаршашо,V,"шаршашери<V>:шаршаш[thematic-i,transitive]",Verb
разгружать,бечӏуйдери,,,,,,,бечӏуйди,бечӏуйдо,V,"бечӏуйдери<V>:бечӏуйд[thematic-i,transitive]",Verb
рассказ,хабар,б,,хабарулӏи,,,,,,N,,
прореживать,мичӏчӏирийдери,,,,,,,мичӏчӏирийди,мичӏчӏирийдо,V,"мичӏчӏирийдери<V>:мичӏчӏирийд[thematic-i,transitive]",Verb
прореживать,мичӏчӏируйдери,,,,,,,мичӏчӏируйди,мичӏчӏируйдо,V,"мичӏчӏируйдери<V>:мичӏчӏируйд[thematic-i,transitive]",Verb
редька,талган,"б, б",талгамил,талганлӏи,талгамалӏи,,,,,N,,
ровесник,сер рещинлъол,,,,,,,,,N,,
рогатка,гьинцӏошамшал,"б, б",гьинцӏошамшалол,гьинцӏошамшаллӏи,гьинцӏошамшалалӏи,,,,,N,,
родня,мийарлӏол,"б, б",мийарлӏилъир,,,,,,,N,,
ругань,хьами,"р, р",хьамил,хьамиллӏи,хьамилилӏи,,,,,N,,
рыжий,чади,,,,,,,,,ADJ,чади,Adjective_no_class
рыхлый,лъуна,,,,,,,,,ADJ,лъуна,Adjective_no_class
рядом,лӏеру,,,,,,,,,POST,,
самовар,самавар,"б, б",самаварол,самаварулӏи,самаваралӏи,,,,,N,,
санки,чанагъи,"р, р",чанагъобил,чанагъулӏи,чанагъобалӏи,чанагъуъа,,,,N,,
светлячок,гьечӏодоъо бикуйа,"б, й",гьечӏодоъо йокуйал,,,,,,,N,,
свисток,щомщол,"б, б",щомщолол,щомщолулӏи,щомщолалӏол,,,,,N,,
свой,энлӏигу,,,,,,,,,ADJ,энлӏигу,Adjective_no_class
седьмой,гьолӏулдеб,,,,,,,,,NUM,,
сенокос,хханнийа,"б, б",хханнийол,хханнирлӏи,хханнийолилӏи,,,,,N,,
слабеть,лъуналъери,,,,,,,лъуналъи,лъуналъиб,V,лъуналъери<V>:лъуналъ[thematic-i],Verb
"гормошка, баян, аккардеон",чагъана,,,,,,,,,N,,
следующий,вехудусси,,,,,,"йехудусси, бехудусси, вехудуссол",,,ADJ,бехудусси:ехудусси,Adjective_class_prefix
снова,гьинджесси,,,,,,,,,ADV,гьинджесси,Adverb_no_class
совесть,йахӏнамуси,б,,,,,,,,N,,
сорок,боъоцӏолгу,,,,,,"воъоцӏолгу, йоъоцӏолгу, боъоцӏолгу",,,NUM,,
соседство,реххон,р,,реххоноъа,,,,,,N,,
спереди,сседукку,,,,,,,,,POST,,
сплющиваться,бекӏерхъанну,,,,,,"бекӏерхъанний, рекӏерхъанний, векӏерхъанний, йекӏерхъанний",бекӏерхъан,бекӏерхъанниб,V,,Verb_class_prefix
сплющиваться,чӏчӏуроллу,,,,,,,чӏчӏуролъи,чӏчӏуролло,V,чӏчӏуроллу<V>:чӏчӏур[causative],Verb
спокойный,параъати,,,,,,,,,ADJ,параъати,Adjective_no_class
порядок,адлу,,,,,,,,,N,,
старинный,кьира,,,,,,,,,ADJ,кьира,Adjective_no_class
старинный,сседусси,,,,,,,,,ADJ,сседусси,Adjective_no_class
стебель,маъа,"б, б",маъол,маъулӏи,маъалӏи,,,,,N,,
страх,ссирдир,б,,ссирдиролӏи,,,,,,N,,
строгать,каннери,,,,,,,канни,канно,V,"каннери<V>:канн[thematic-i,transitive]",Verb
струна,чӏол,"р, р",чӏолибол,чӏолуллӏи,чӏолибалӏи,,,,,N,,
теща,илакьору,"й, й",илакьордобил,илакьорулӏи,илакьордобалӏи,,,,,N,,
трудный,реччи,,,,,,,,,ADJ,реччи,Adjective_no_class
комната,гьакъу,"р, р",гьакъобил,гьакъулӏи,гьакъобалӏи,,,,,N,,
дом,гьакъу,"р, р",гьакъобил,гьакъулӏи,гьакъобалӏи,,,,,N,,
сзади,бегьудибасси,,,,,,"вегьудивасси, йегьудийасси, регьудирасси",,,POST,,
целовать,оббадери,,,,,,,оббади,оббадо,V,"оббадери<V>:оббад[thematic-i,transitive]",Verb
целовать,цӏцӏоммери,,,,,,,цӏцӏомми,цӏцӏоммо,V,"цӏцӏоммери<V>:цӏцӏомм[thematic-i,transitive]",Verb
встретиться,бади вуъери,,,,,,,бади вуъоб,бади вуъоб,V,,
крепкий,къвакӏунниб,,,,,,,,,ADJ,къвакӏунниб[b],Adjective_no_class
лампочка,чирахъи,"б, б",чирахъол,чирахъулӏи,чирахъалӏи,,,,,N,,
некрасивый,ригьинто,,,,,,,,,ADJ,ригьинто,Adjective_no_class
плохо,шубссу,,,,,,"шуйссу, шувссу",,,ADV,шубccу:шу :ссу,Adverb_class_internal(2)
сложный,реччи,,,,,,,,,ADJ,реччи,Adjective_no_class
тахта,манги,"б, б",мангил,мангиллӏи,мангилилъол,,,,,N,,
молиться,ккубайдери,,,,,,,ккубайди,ккубайдиб,V,ккубайдери<V>:ккубайд[thematic-i],Verb
колоть,къиннери,,,,,,,къинни,къинниб,V,къиннери<V>:къинн[thematic-i],Verb
колоть,хубери,,,,,,,хуби,хубиб,V,хубери<V>:хуб[thematic-i],Verb
криво,орива,,,,,,,,,ADV,орива,Adverb_no_class
мерка,расон,"р, р",расомил,расонулӏи,расомалӏи,,,,,N,,
разбойник,хъачагъи,"в, в",хъачагъол,хъачагъишуй,хъачагъавул,,,,,N,,
разбойница,хъачагъи,"й, й",хъачагъол,"хъачагъиллӏи,",хъачагъалӏол,,,,,N,,
согласный,рази,,,,,,,,,ADJ,рази,Adjective_no_class
соединять,бацӏери,,,,,,рацӏери,бацӏи,бацӏо,V,"бацӏери<V>:ацӏ[thematic-i,transitive]",Verb_class_prefix
сохнуть,бикъвери,,,,,,"рикъвери, вокъвери",рикъу,бикъуб,V,бикъвери<V>:къв[thematic-u],Verb_class_prefix_i_o
шестьсот,ойлӏибешенугу,,,,,,,,,NUM,,
отдыхать,шаннери,,,,,,,шанни,шанниб,V,шаннери<V>:шанн[thematic-i],Verb
восемьсот,бейлӏибешенугу,,,,,,,,,NUM,,
задвижка,пархил,"р, р",пархилол,пархилулӏи,пархилалӏи,,,,,N,,
заикание,бабадир,,,,,,,,,N,,
обратно,бехудиба,,,,,,"вехудива, йехудийа",,,ADV,бехудиба:ехуди :а,Adverb_class_prefix_and_internal(2)
обратно,беху-бехудиба,,,,,,"веху-вехудива, йеху-йехудийа",,,ADV,бехубехудиба:еху :ехуди :а,Adverb_class_prefix_and_internals(3)
обратно,беху-бекъудиба,,,,,,"веху-векъудива, йеху-йекъудийа",,,ADV,бекъубекъудиба:еху :екъуди :а,Adverb_class_prefix_and_internals(3)
перемирие,рокъир,"б, б",рокъирол,рокъирлӏи,рокъиролӏи,,,,,N,,
невестка,нуса,"й, й",нусибадул,нусаллӏи,нусибадалӏи,,,,,N,,
балалайка,пандур,"б, б",пандурдул,пандурулӏи,пандурдалӏи,,,,,N,,
пандур (народный инструмент),чагур,"б, б",чагурдул,чагурулӏи,чагурдалӏи,,,,,N,,
девятьсот,гьочӏобешенугу,,,,,,,,,NUM,,
домой,ищиба,,,,,,"ищийа, ищива",,,ADV,ищиба:ищи :а,Adverb_class_internal(2)
поскользнуться,чӏчӏарери,,,,,,,чӏчӏари,чӏчӏариб,V,чӏчӏарери<V>:чӏчӏар[thematic-i],Verb
чуду,ингур,"б, б",ингурдол,ингурулӏи,ингурдалӏи,ингоруъа,,,,N,,
веснушка,чӏутӏи,"р, р",чӏутӏилол,чӏутӏиллӏи,чӏутӏилалӏи,,,,,N,,
встать,бичӏчӏери,,,,,,"йичӏчӏиде, бичӏчӏиде, вачӏчӏилде, йачӏчӏилде, бачӏчӏилде",вучӏчӏи,вучӏчӏиб,V,бичӏчӏери<V>:чӏчӏ[thematic-i],Verb_class_prefix_i_a
гадать,палбукъери,,,,,,,палбукъи,палбукъо,V,"палбукъери<V>:палбукъ[thematic-i,transitive]",Verb
гордый,бечӏуха ъайда,,,,,,,,,,,
гордый,пахру,,,,,,,,,ADJ,пахру,Adjective_no_class
доброе утро,вучӏчӏиде,,,,,,"йичӏиде, бичӏиде, вачӏилде, йачӏилде, бачӏилде",,,EXCL,,
мячик,кӏошкӏон,"р, р",кӏошкӏомил,кӏошкӏонулӏи,кӏошкӏомалӏи,,,,,N,,
на улице,гьонхъи,,,,,,,,,ADV,гьонхъи,Adverb_no_class
на улице,къатӏила,,,,,,,,,ADV,къатӏила,Adverb_no_class
